프로그램명,방송시작일,채널,요일,게시글수,댓글수,동영상조회(K),뉴스,동영상수,가구시청자수(K),개인시청자수(K),남성시청자수(K),여성시청자수(K),10대시청자수(K),20대시청자수(K),30대시청자수(K),40대시청자수(K),50대시청자수(K),TVVOD시청자수(K),PC실시간(K),PCVOD(K),Mobile실시간(K),MobileVOD(K)
스토브리그,2019.12.13,SBS,금,"42,064","150,748","14,407","5,394",271,"2,545","3,170","1,420","1,749",167,218,304,876,996,434,291,386,"1,033","1,319"
사랑의불시착,2019.12.14,tvN,토일,"38,239","249,171","41,477","5,955",379,"2,290","3,106","1,207","1,898",278,211,344,991,776,575,676,602,"3,208","2,647"
낭만닥터김사부2,2020.01.06,SBS,월화,"14,613","73,565","11,054","7,492",331,"3,026","3,632","1,560","2,072",231,196,273,954,"1,067",791,301,497,920,"1,391"
블랙독,2019.12.16,tvN,월화,"5,876","23,347","5,628","2,662",384,893,979,319,660,54,60,94,311,305,243,374,289,967,"1,001"
간택-여인들의전쟁,2019.12.14,TVCHOS,토일,"2,957","9,929","2,151","2,009",161,738,791,342,449,15,48,34,116,210,79,86,100,290,354
검사내전,2019.12.16,JTBC,월화,"2,841","8,236","1,362","2,055",311,673,749,320,430,22,51,55,189,264,247,146,202,333,489
사랑은뷰티풀인생은원더풀,2019.09.28,KBS2,토일,"2,380","11,709","3,190","1,123",241,"4,904","5,395","2,040","3,355",126,264,307,672,"1,294",189,86,158,587,435
이태원클라쓰,2020.01.31,JTBC,금,"2,292","9,549",615,"2,912",104,110,102,39,62,0,5,4,17,36,212,-,-,8,-
99억의여자,2019.12.04,KBS2,수목,"1,567","7,483","1,118","3,527",203,"1,743","1,796",642,"1,155",49,102,78,341,628,378,87,93,262,315
머니게임,2020.01.15,tvN,수목,"1,360","4,154",827,"3,282",307,409,476,187,289,25,23,39,145,145,96,93,73,323,367
싸이코패스다이어리,2019.11.20,tvN,수목,"1,299","4,494",891,727,177,488,634,221,413,57,40,76,208,161,102,44,64,387,373
초콜릿,2019.11.29,JTBC,금,"1,231","11,903","2,291","1,668",159,807,863,279,584,46,34,53,246,273,141,114,185,276,306
더게임0시를향하여,2020.01.22,MBC,수목,"1,111","4,950",336,"3,157",334,691,831,328,503,43,35,62,255,210,77,47,43,77,85
터치,2020.01.03,채널A,금,973,"5,661","2,357","2,846",364,164,192,73,119,10,10,10,45,56,46,14,60,409,584
포레스트,2020.01.29,KBS2,수목,897,"5,486",310,"2,686",109,"1,190","1,273",453,820,36,76,70,320,423,40,39,15,48,40
하자있는인간들,2019.11.27,MBC,수목,540,"5,685",607,"1,486",311,492,524,193,331,27,16,24,147,133,38,33,82,111,112
두번은없다,2019.11.02,MBC,토일,424,"1,409",303,444,155,"1,878","1,933",709,"1,224",18,98,81,194,515,168,14,13,135,143
본대로말하라,2020.02.01,OCN,토일,311,"1,914",123,"1,161",57,-,-,-,-,-,-,-,-,-,-,-,-,-,-
드라마스테이지2020,2019.11.23,tvN,수목,222,388,104,383,190,150,164,54,110,7,6,18,41,51,91,40,36,71,58
엑스엑스(XX),2020.01.24,MBC,금,191,"6,749","3,084","1,600",86,310,346,136,210,24,30,25,92,103,4,-,36,15,151
하이에나,2020.02.21,SBS,금,92,336,42,128,4,-,-,-,-,-,-,-,-,-,-,-,-,-,-
방법,2020.02.10,tvN,월화,87,306,18,382,13,-,-,-,-,-,-,-,-,-,-,-,-,-,-
하이바이마마,2020.02.22,tvN,토일,49,131,11,132,2,-,-,-,-,-,-,-,-,-,-,-,-,-,-
루왁인간,2019.12.30,JTBC,월화,41,85,1,46,2,-,-,-,-,-,-,-,-,-,-,13,13,-,25
사랑의불시착,2019.12.14,tvN,토일,"44,016","265,753","47,398","5,543",518,"3,318","4,882","1,909","2,973",513,353,563,"1,468","1,153",811,"5,182","4,228","19,108","15,179"
이태원클라쓰,2020.01.31,JTBC,금,"42,655","173,119","21,847","6,687",408,"2,148","2,843","1,162","1,681",296,204,329,862,745,752,"1,314","2,256","5,406","7,956"
스토브리그,2019.12.13,SBS,금,"25,807","99,768","9,093","4,423",238,"2,762","3,607","1,662","1,946",259,257,386,984,"1,080",737,"1,452","1,918","4,479","5,226"
낭만닥터김사부2,2020.01.06,SBS,월화,"23,187","131,337","22,659","5,681",311,"3,913","4,749","1,891","2,858",365,250,333,"1,183","1,402",646,"1,075","2,673","3,313","7,279"
하이에나,2020.02.21,SBS,금,"3,661","20,233","2,374","3,189",149,"1,664","2,020",834,"1,186",105,134,155,546,669,346,376,378,"1,294","1,326"
하이바이마마,2020.02.22,tvN,토일,"3,401","27,077","7,295","2,573",200,"1,131","1,618",620,998,131,107,200,486,401,237,515,420,"3,265","2,314"
방법,2020.02.10,tvN,월화,"2,458","8,199","1,274","2,686",266,612,717,253,464,48,38,81,255,186,225,791,465,"1,859","1,423"
사랑은뷰티풀인생은원더풀,2019.09.28,KBS2,토일,"2,408","15,910","4,367","1,065",299,"5,315","5,966","2,239","3,727",146,276,360,723,"1,489",78,334,471,"2,433","2,581"
본대로말하라,2020.02.01,OCN,토일,"1,937","7,048",946,"1,437",404,517,701,285,417,41,39,119,239,150,187,-,-,-,-
머니게임,2020.01.15,tvN,수목,"1,893","12,432","2,455","1,678",338,365,417,170,247,28,13,44,122,129,58,138,279,838,"1,342"
간택-여인들의전쟁,2019.12.14,TVCHOS,토일,"1,728","5,336","1,991",527,80,964,"1,058",449,609,21,58,78,125,278,107,232,416,"1,075","1,585"
날씨가좋으면찾아가겠어요,2020.02.24,JTBC,월화,"1,655","11,172","1,192","1,608",125,340,340,103,237,14,17,21,100,114,67,93,140,138,135
블랙독,2019.12.16,tvN,월화,"1,402","5,763","1,316","1,020",97,855,928,316,611,34,47,113,317,275,22,424,425,"1,022","1,120"
검사내전,2019.12.16,JTBC,월화,"1,353","5,378","1,125","1,120",137,711,758,332,426,24,38,61,177,282,135,141,470,505,"1,650"
포레스트,2020.01.29,KBS2,수목,"1,205","8,078","1,464","3,241",219,"1,128","1,258",449,809,52,70,55,322,348,111,331,518,974,"1,007"
더게임0시를향하여,2020.01.22,MBC,수목,"1,036","3,919",598,"2,295",452,428,556,267,289,45,10,77,140,139,68,328,609,303,547
엑스엑스(XX),2020.01.24,MBC,금,650,"18,241","8,020",710,66,311,347,137,210,25,30,35,101,110,28,234,608,535,"2,404"
안녕드라큘라,2020.02.17,JTBC,월화,540,"3,714",208,"1,195",68,207,192,53,139,7,7,13,45,59,51,-,187,34,67
터치,2020.01.03,채널A,금,539,"2,732",973,"1,108",257,139,158,63,95,11,10,5,29,49,36,284,518,294,731
두번은없다,2019.11.02,MBC,토일,443,"2,573",586,600,270,"2,086","2,170",789,"1,380",24,90,119,208,587,106,47,91,515,700
아무도모른다,2020.03.02,SBS,월화,299,838,50,"1,157",19,-,-,-,-,-,-,-,-,-,-,708,"2,254",696,"2,663"
슬기로운의사생활,2020.03.12,tvN,수목,260,"1,707",90,529,4,-,-,-,-,-,-,-,-,-,-,-,-,-,-
메모리스트,2020.03.11,tvN,수목,177,"1,167",86,513,22,-,-,-,-,-,-,-,-,-,-,-,-,-,-
유별나!문셰프,2020.03.27,채널A,금,85,266,9,410,8,-,-,-,-,-,-,-,-,-,-,-,-,-,-
그남자의기억법,2020.03.18,MBC,수목,34,51,0,96,0,-,-,-,-,-,-,-,-,-,-,-,-,-,-
루갈,2020.03.28,OCN,토일,25,49,0,0,0,-,-,-,-,-,-,-,-,-,-,-,-,-,-
드라마스테이지2020,2019.11.23,tvN,수목,1,8,0,0,0,-,-,-,-,-,-,-,-,-,-,-,-,-,33
이태원클라쓰,2020.01.31,JTBC,금,"39,653","257,802","34,666","7,257",459,"2,728","4,442","1,919","2,523",449,420,478,"1,208","1,167",921,"2,255","3,761","5,738","9,234"
하이바이마마,2020.02.22,tvN,토일,"17,308","98,417","21,302","3,918",384,"1,264","2,179",913,"1,266",201,235,279,557,546,352,"1,596","1,641","6,509","6,046"
하이에나,2020.02.21,SBS,금,"10,975","56,829","6,531","4,201",292,"1,536","2,365","1,063","1,302",126,171,259,612,609,416,610,"1,263","2,756","3,653"
슬기로운의사생활,2020.03.12,tvN,수목,"10,465","67,161","8,336","5,318",175,"1,578","2,588","1,041","1,547",209,227,370,826,586,470,"1,870","1,450","6,189","4,693"
부부의세계,2020.03.27,JTBC,금,"5,649","44,988","6,057","3,157",98,"1,163","1,792",723,"1,069",54,159,192,465,483,163,278,278,"2,894","2,301"
날씨가좋으면찾아가겠어요,2020.02.24,JTBC,월화,"4,835","37,135","5,336","2,421",284,396,574,234,341,31,49,72,173,146,173,281,470,874,"1,455"
반의반,2020.03.23,tvN,월화,"3,443","14,696","1,226","3,602",234,389,587,243,344,46,55,63,169,153,71,182,92,436,268
그남자의기억법,2020.03.18,MBC,수목,"2,978","13,630","1,504","3,581",314,363,527,279,248,22,46,68,92,120,82,282,328,605,648
메모리스트,2020.03.11,tvN,수목,"2,773","10,047","1,036","3,770",300,639,980,385,595,86,86,107,289,267,110,416,656,"1,494","1,075"
365운명을거스르는1년,2020.03.23,MBC,월화,"2,595","7,535",711,"2,824",248,890,"1,253",511,742,46,62,193,290,286,84,187,93,570,571
사랑은뷰티풀인생은원더풀,2019.09.28,KBS2,토일,"2,460","9,221","4,660","1,216",237,"5,329","7,417","2,973","4,445",255,422,586,877,"1,736",86,469,608,"2,738","2,509"
아무도모른다,2020.03.02,SBS,월화,"2,193","8,384","1,257","4,068",318,"1,500","2,191",903,"1,288",116,161,191,449,586,260,138,278,956,"1,258"
방법,2020.02.10,tvN,월화,"2,150","8,025","3,756","2,465",184,"1,003","1,524",662,862,105,121,232,436,397,183,"1,405",990,"2,811","2,067"
본대로말하라,2020.02.01,OCN,토일,"1,465","5,087","1,177",996,292,535,812,360,452,38,53,103,245,227,130,-,-,-,-
어서와,2020.03.25,KBS2,수목,"1,325","5,894",449,"2,383",127,516,756,278,478,36,58,107,132,193,64,47,93,67,247
머니게임,2020.01.15,tvN,수목,"1,170","10,736","1,234",709,78,341,535,213,322,28,38,64,130,164,7,-,93,134,736
루갈,2020.03.28,OCN,토일,"1,148","4,749",280,"2,130",141,652,970,486,484,68,60,97,267,317,239,-,-,-,-
한번다녀왔습니다,2020.03.28,KBS2,토일,948,"15,193",877,"2,739",95,"4,620","6,357","2,538","3,819",244,374,469,794,"1,426",240,140,47,846,311
포레스트,2020.01.29,KBS2,수목,652,"3,510","1,010","2,246",149,821,"1,122",472,650,48,62,96,194,321,136,188,282,670,"1,173"
유별나!문셰프,2020.03.27,채널A,금,413,"1,534",160,"1,569",81,174,231,104,128,8,19,10,43,95,-,48,48,168,269
더킹영원의군주,2020.04.17,SBS,금,406,"2,537",341,299,5,-,-,-,-,-,-,-,-,-,-,-,-,-,-
더게임0시를향하여,2020.01.22,MBC,수목,393,"1,270",219,"1,231",228,729,"1,044",453,592,63,61,99,193,251,84,142,805,235,469
어쩌다가족,2020.03.29,TVCHOS,토일,293,564,45,"1,409",33,330,424,177,248,18,14,30,81,123,-,-,-,34,67
낭만닥터김사부2,2020.01.06,SBS,월화,186,"1,440",1,7,2,-,-,-,-,-,-,-,-,-,-,517,938,34,"1,737"
계약우정,2020.04.06,KBS2,월화,183,557,22,393,12,-,-,-,-,-,-,-,-,-,-,-,-,-,-
두번은없다,2019.11.02,MBC,토일,136,746,153,237,55,"2,191","3,014","1,142","1,873",110,164,232,336,836,6,-,48,235,633
화양연화삶이꽃이되는순간,2020.04.25,tvN,토일,79,"1,100",53,471,12,-,-,-,-,-,-,-,-,-,-,-,-,-,-
본어게인,2020.04.20,KBS2,월화,24,102,13,110,1,-,-,-,-,-,-,-,-,-,-,-,-,-,-
부부의세계,2020.03.27,JTBC,금,"63,617","475,364","63,551","10,699",486,"2,751","4,321","1,734","2,587",201,452,608,947,"1,219",729,"2,159","2,628","11,084","12,668"
더킹영원의군주,2020.04.17,SBS,금,"39,864","149,447","4,862","5,703",198,"1,725","2,725","1,168","1,557",180,212,386,702,678,374,561,980,"2,129","2,359"
슬기로운의사생활,2020.03.12,tvN,수목,"29,388","150,572","22,169","5,020",288,"2,121","3,508","1,448","2,061",253,350,548,"1,077",803,450,"3,611","3,470","11,375","10,346"
하이바이마마,2020.02.22,tvN,토일,"20,209","69,418","9,523","1,471",223,983,"1,676",713,963,130,196,254,438,424,219,794,750,"3,913","3,557"
그남자의기억법,2020.03.18,MBC,수목,"13,898","92,572","6,061","3,276",591,699,997,405,592,57,78,142,174,242,145,423,467,"1,425","1,872"
365운명을거스르는1년,2020.03.23,MBC,월화,"7,369","35,458","1,548","2,799",466,869,"1,285",538,747,54,94,155,310,280,105,420,518,"1,181","1,584"
하이에나,2020.02.21,SBS,금,"7,175","35,009","3,482","1,848",130,"1,771","2,660","1,176","1,485",144,189,279,624,692,247,562,"1,127","1,721","1,994"
날씨가좋으면찾아가겠어요,2020.02.24,JTBC,월화,"4,701","34,687","4,551","1,607",235,403,596,232,364,29,42,78,164,177,63,235,563,738,"1,778"
반의반,2020.03.23,tvN,월화,"4,530","22,677","2,113","2,680",356,264,414,188,226,36,40,39,117,105,71,475,426,638,"1,010"
메모리스트,2020.03.11,tvN,수목,"3,912","12,709","1,352","2,722",425,531,826,325,502,64,58,90,265,212,134,654,802,"1,786","1,724"
한번다녀왔습니다,2020.03.28,KBS2,토일,"2,217","19,895","2,895","3,623",295,"4,901","6,792","2,779","4,013",277,402,501,875,"1,589",203,796,"1,031","3,452","3,669"
본어게인,2020.04.20,KBS2,월화,"2,188","5,930",481,"2,592",129,628,936,420,516,51,63,127,182,254,34,139,277,537,601
루갈,2020.03.28,OCN,토일,"1,880","7,202","1,418","1,482",372,453,704,349,355,45,61,65,176,215,215,-,-,-,-
아무도모른다,2020.03.02,SBS,월화,"1,693","6,004",886,"2,689",184,"1,634","2,425","1,014","1,411",124,184,217,524,644,173,138,375,609,"1,013"
어서와,2020.03.25,KBS2,수목,"1,590","20,230",975,"2,431",452,374,568,235,333,34,45,71,114,113,102,140,469,557,"1,919"
굿캐스팅,2020.04.27,SBS,월화,"1,572","6,254",906,"2,618",111,"1,862","2,921","1,283","1,638",158,229,307,758,785,198,279,233,980,644
계약우정,2020.04.06,KBS2,월화,"1,403","3,963",206,"2,052",116,445,672,299,373,32,66,77,149,189,72,93,280,301,460
화양연화삶이꽃이되는순간,2020.04.25,tvN,토일,"1,268","7,555","1,606","2,524",131,819,"1,226",555,670,48,82,179,305,338,41,325,234,909,574
유별나!문셰프,2020.03.27,채널A,금,510,"1,542",252,"1,213",302,115,189,96,93,11,21,14,35,63,33,282,332,738,"1,039"
영혼수선공,2020.05.06,KBS2,수목,311,"1,111",39,829,11,-,-,-,-,-,-,-,-,-,-,-,-,-,-
오마이베이비,2020.05.13,tvN,수목,307,"1,299",69,356,12,-,-,-,-,-,-,-,-,-,-,-,-,-,-
저녁같이드실래요,2020.05.25,MBC,월화,125,511,11,246,2,-,-,-,-,-,-,-,-,-,-,-,-,-,-
어쩌다가족,2020.03.29,TVCHOS,토일,118,616,26,638,21,188,214,89,125,8,5,11,29,67,-,-,95,67,213
쌍갑포차,2020.05.20,JTBC,수목,81,544,47,132,8,-,-,-,-,-,-,-,-,-,-,-,-,-,-
외출,2020.05.04,tvN,월화,54,77,8,200,8,-,-,-,-,-,-,-,-,-,-,-,-,-,-
번외수사,2020.05.23,OCN,토일,16,27,0,84,0,-,-,-,-,-,-,-,-,-,-,-,-,-,-
더킹영원의군주,2020.04.17,SBS,금,"53,177","230,527","7,876","5,045",288,"1,369","2,176",929,"1,247",156,162,303,517,533,480,188,270,902,"1,225"
부부의세계,2020.03.27,JTBC,금,"44,505","268,018","38,471","7,344",327,"3,768","6,036","2,454","3,583",255,642,834,"1,299","1,634",163,410,517,"2,690","2,607"
슬기로운의사생활,2020.03.12,tvN,수목,"22,702","138,618","19,519","7,364",345,"2,366","4,054","1,706","2,348",344,409,630,"1,224",920,470,"1,302","1,114","3,713","3,768"
그남자의기억법,2020.03.18,MBC,수목,"8,506","62,417","2,930","1,592",183,655,966,381,584,51,82,139,194,232,82,82,94,228,333
꼰대인턴,2020.05.20,MBC,수목,"3,856","34,167","1,165","7,207",237,498,792,394,397,91,66,129,204,155,191,94,106,344,392
오마이베이비,2020.05.13,tvN,수목,"3,416","10,980","1,620","2,837",287,437,680,274,406,49,65,115,197,145,60,188,329,462,507
한번다녀왔습니다,2020.03.28,KBS2,토일,"3,081","32,166","10,209","3,701",414,"4,970","6,928","2,864","4,063",265,434,562,931,"1,619",240,152,201,"1,276","1,019"
쌍갑포차,2020.05.20,JTBC,수목,"2,945","17,545","1,038","2,985",160,506,769,342,427,34,55,124,225,181,327,84,107,312,411
본어게인,2020.04.20,KBS2,월화,"2,494","14,081","2,138","2,140",204,459,632,236,396,23,48,68,109,174,86,12,47,184,386
화양연화삶이꽃이되는순간,2020.04.25,tvN,토일,"2,371","15,853","5,856","3,134",396,664,"1,023",433,590,40,76,128,227,258,141,140,152,618,469
굿캐스팅,2020.04.27,SBS,월화,"1,856","7,173","2,529","3,378",278,"1,673","2,632","1,180","1,453",143,194,291,632,717,217,71,177,455,940
영혼수선공,2020.05.06,KBS2,수목,"1,779","11,368","1,285","4,050",221,557,805,341,464,34,56,74,172,204,189,94,166,260,438
저녁같이드실래요,2020.05.25,MBC,월화,964,"4,361","1,025","2,735",161,487,695,300,395,33,62,134,153,162,58,-,35,101,101
루갈,2020.03.28,OCN,토일,912,"3,596",486,761,279,374,553,275,278,32,37,37,124,200,239,-,-,-,-
야식남녀,2020.05.25,JTBC,월화,905,"2,498",238,"2,217",84,220,305,124,180,2,29,32,82,96,9,36,36,51,42
번외수사,2020.05.23,OCN,토일,766,"3,163","1,301","2,126",220,462,748,360,388,29,50,93,248,199,241,24,59,33,301
바람과구름과비,2020.05.17,TVCHOS,토일,709,"2,317",184,"1,818",93,519,717,345,371,15,54,40,72,279,140,47,59,101,156
사이코지만괜찮아,2020.06.20,tvN,토일,498,"3,340",156,484,9,-,-,-,-,-,-,-,-,-,-,-,-,-,-
외출,2020.05.04,tvN,월화,433,"1,084",697,673,73,516,762,322,440,42,58,71,171,217,24,35,35,134,84
365운명을거스르는1년,2020.03.23,MBC,월화,270,"1,878",13,0,4,-,-,-,-,-,-,-,-,-,-,-,35,17,17
유별나!문셰프,2020.03.27,채널A,금,245,666,307,819,215,131,184,93,91,4,18,19,25,57,-,48,59,67,160
편의점샛별이,2020.06.19,SBS,금,242,"1,230",52,519,5,-,-,-,-,-,-,-,-,-,-,-,-,-,-
메모리스트,2020.03.11,tvN,수목,151,875,31,275,2,-,-,-,-,-,-,-,-,-,-,-,35,84,119
어서와,2020.03.25,KBS2,수목,94,470,13,85,2,-,-,-,-,-,-,-,-,-,-,-,71,17,39
아는건별로없지만가족입니다,2020.06.01,tvN,월화,91,240,62,894,23,-,-,-,-,-,-,-,-,-,-,-,-,-,-
반의반,2020.03.23,tvN,월화,64,313,14,3,0,-,-,-,-,-,-,-,-,-,-,12,12,-,34
행복의진수,2020.05.18,JTBC,월화,43,102,23,80,48,210,290,135,155,7,18,49,90,84,8,-,35,-,54
어쩌다가족,2020.03.29,TVCHOS,토일,33,37,2,97,0,-,-,-,-,-,-,-,-,-,-,-,-,-,-
더킹영원의군주,2020.04.17,SBS,금,"17,156","81,157","2,728","1,869",107,"1,234","1,961",834,"1,126",126,130,279,454,502,215,233,515,"1,229","2,472"
사이코지만괜찮아,2020.06.20,tvN,토일,"16,138","77,534","8,181","4,987",295,970,"1,568",619,949,123,164,186,433,364,419,940,"1,129","5,986","6,801"
한번다녀왔습니다,2020.03.28,KBS2,토일,"8,382","96,408","16,836","3,690",334,"5,158","7,281","3,000","4,281",283,445,623,"1,012","1,715",305,984,"1,785","5,525","7,625"
꼰대인턴,2020.05.20,MBC,수목,"5,031","60,944","2,579","6,912",230,"1,044","1,515",679,835,66,102,150,312,471,187,376,562,"1,948","4,437"
편의점샛별이,2020.06.19,SBS,금,"4,782","37,544","2,408","4,166",180,"1,035","1,613",799,814,90,100,238,351,407,294,233,374,"2,282","2,897"
쌍갑포차,2020.05.20,JTBC,수목,"3,976","18,275","2,536","2,505",258,612,932,380,552,64,73,98,239,300,369,378,710,"1,609","3,040"
오마이베이비,2020.05.13,tvN,수목,"2,829","15,494","3,287","2,404",354,281,405,142,264,15,28,75,125,90,111,233,560,"1,609","2,678"
아는건별로없지만가족입니다,2020.06.01,tvN,월화,"2,702","11,417","10,954","3,368",457,582,877,341,537,49,74,99,203,255,109,941,"1,606","4,435","6,307"
저녁같이드실래요,2020.05.25,MBC,월화,"2,396","12,777","3,380","3,264",566,754,"1,090",459,630,49,81,149,222,309,113,612,986,"1,675","2,075"
바람과구름과비,2020.05.17,TVCHOS,토일,"1,443","20,275","1,269","2,133",187,762,"1,080",501,579,28,73,90,82,380,210,187,422,"1,254","2,746"
본어게인,2020.04.20,KBS2,월화,"1,228","8,450",748,876,97,389,537,213,324,39,32,45,101,144,32,47,283,404,776
굿캐스팅,2020.04.27,SBS,월화,"1,158","5,811","2,414","2,711",192,"1,418","2,184",969,"1,214",97,144,267,503,531,104,47,471,"1,274","2,639"
번외수사,2020.05.23,OCN,토일,"1,016","1,991",549,"1,413",385,549,903,419,484,54,58,131,323,193,174,189,381,505,"1,183"
영혼수선공,2020.05.06,KBS2,수목,873,"2,838",287,"2,400",199,405,542,222,320,19,29,64,100,133,70,234,377,919,999
야식남녀,2020.05.25,JTBC,월화,842,"2,031",543,"1,783",280,132,192,86,106,5,19,20,47,52,48,-,142,202,444
화양연화삶이꽃이되는순간,2020.04.25,tvN,토일,650,"3,171","1,713","1,043",143,730,"1,128",465,663,47,112,114,247,275,68,377,986,875,"1,509"
출사표,2020.07.01,KBS2,수목,262,"5,545",112,"1,250",29,-,-,-,-,-,-,-,-,-,-,-,-,-,-
우아한친구들,2020.07.10,JTBC,금,129,292,42,617,14,-,-,-,-,-,-,-,-,-,-,-,-,-,-
우리사랑했을까,2020.07.08,JTBC,수목,116,900,143,416,12,-,-,-,-,-,-,-,-,-,-,-,-,-,-
그놈이그놈이다,2020.07.06,KBS2,월화,96,856,31,807,8,-,-,-,-,-,-,-,-,-,-,-,-,-,-
트레인,2020.07.11,OCN,토일,82,589,26,445,21,-,-,-,-,-,-,-,-,-,-,-,-,-,-
모범형사,2020.07.06,JTBC,월화,80,180,73,408,29,-,-,-,-,-,-,-,-,-,-,-,-,-,-
미쓰리는알고있다,2020.07.08,MBC,수목,64,101,4,325,4,-,-,-,-,-,-,-,-,-,-,-,-,-,-
십시일반,2020.07.22,MBC,수목,8,48,0,17,0,-,-,-,-,-,-,-,-,-,-,-,-,-,-
사이코지만괜찮아,2020.06.20,tvN,토일,"39,980","200,899","21,461","4,459",651,926,"1,486",581,906,115,164,187,448,314,621,"2,391","15,649","37,209","127,311"
한번다녀왔습니다,2020.03.28,KBS2,토일,"15,317","117,107","17,991","3,386",319,"5,511","7,858","3,302","4,556",303,474,629,"1,094","1,837",305,"10,267","5,526","26,727","31,991"
편의점샛별이,2020.06.19,SBS,금,"10,077","43,730","4,863","3,450",293,"1,156","1,865",938,928,143,134,184,464,497,288,"5,578","9,967","19,280","48,982"
우아한친구들,2020.07.10,JTBC,금,"2,317","7,106","1,966","3,182",252,252,351,147,203,6,21,42,57,122,246,"1,629","2,779","5,621","13,524"
우리사랑했을까,2020.07.08,JTBC,수목,"2,237","13,519","2,564","2,593",273,347,545,223,322,24,52,46,142,139,151,224,"3,597","3,324","9,356"
악의꽃,2020.07.29,tvN,수목,"2,234","10,934","1,784","2,600",108,599,921,387,534,43,58,183,225,225,101,594,564,"1,385","1,226"
모범형사,2020.07.06,JTBC,월화,"2,134","4,977",916,"3,187",267,787,"1,179",570,610,61,103,101,312,337,295,"1,122","3,500","9,438","27,775"
그놈이그놈이다,2020.07.06,KBS2,월화,"1,928","7,759","1,560","3,429",245,662,933,381,553,41,50,94,183,201,166,"2,930","4,678","5,681","18,532"
아는건별로없지만가족입니다,2020.06.01,tvN,월화,"1,769","7,344","7,124","2,062",252,685,"1,024",409,615,42,87,99,269,299,62,"2,446","5,392","19,934","29,588"
출사표,2020.07.01,KBS2,수목,"1,392","7,112",768,"3,123",287,590,816,383,433,35,59,70,169,224,92,"3,069","2,243","7,818","15,817"
트레인,2020.07.11,OCN,토일,"1,288","4,198",181,"1,750",300,247,356,154,202,10,17,35,132,85,119,-,-,-,-
바람과구름과비,2020.05.17,TVCHOS,토일,965,"7,948",631,"1,216",130,893,"1,238",593,644,27,79,98,116,390,172,301,950,"4,341","24,658"
저녁같이드실래요,2020.05.25,MBC,월화,851,"4,760","1,711","1,525",229,613,840,338,502,36,42,127,189,220,80,"1,105","12,325","1,397","4,085"
십시일반,2020.07.22,MBC,수목,724,"1,201",130,"2,058",224,561,772,326,445,21,51,89,112,214,59,-,478,665,"4,887"
오마이베이비,2020.05.13,tvN,수목,636,"2,789",853,631,80,266,400,131,269,27,40,63,130,93,14,559,"1,294","1,345","3,465"
미쓰리는알고있다,2020.07.08,MBC,수목,562,927,153,"1,268",181,592,905,401,504,48,52,95,217,192,19,314,636,"1,524","4,332"
꼰대인턴,2020.05.20,MBC,수목,545,"2,034",50,661,16,"1,267","1,859",946,913,69,81,338,382,559,74,841,"1,798",983,"5,714"
비밀의숲2,2020.08.15,tvN,토일,375,"1,897",85,369,29,-,-,-,-,-,-,-,-,-,-,-,-,-,-
시네마틱드라마SF8,2020.08.14,MBC,금,89,201,4,157,15,-,-,-,-,-,-,-,-,-,-,-,-,-,-
야식남녀,2020.05.25,JTBC,월화,80,169,0,308,0,-,-,-,-,-,-,-,-,-,-,-,648,-,142
연애는귀찮지만외로운건싫어,2020.08.11,MBCeve,월화,51,66,6,386,5,-,-,-,-,-,-,-,-,-,-,-,-,-,-
내가가장예뻤을때,2020.08.19,MBC,수목,32,87,1,178,1,-,-,-,-,-,-,-,-,-,-,-,-,-,-
비밀의숲2,2020.08.15,tvN,토일,"27,917","108,361","4,738","4,529",427,"1,194","1,939",910,"1,030",96,177,284,524,431,1.2,"6,191","6,907","9,834","10,287"
사이코지만괜찮아,2020.06.20,tvN,토일,"17,175","85,915","12,311","1,625",256,"1,138","1,919",802,"1,117",189,209,245,573,391,0.4,"3,451","13,312","17,534","66,500"
한번다녀왔습니다,2020.03.28,KBS2,토일,"16,538","120,039","20,584","3,820",397,"6,200","8,881","3,720","5,161",371,555,700,"1,292","2,143",0.8,"9,047","6,244","31,842","28,948"
악의꽃,2020.07.29,tvN,수목,"14,214","83,437","9,121","3,188",394,682,"1,046",452,594,50,106,172,256,214,0.6,"5,397","8,589","19,384","44,731"
편의점샛별이,2020.06.19,SBS,금,"3,507","14,608","2,054","1,214",86,"1,282","1,991",998,993,153,113,193,572,500,0.2,"4,253","7,265","5,942","15,931"
우리사랑했을까,2020.07.08,JTBC,수목,"3,466","17,749","2,488","1,262",200,330,515,201,315,30,43,59,115,130,0.4,92,"1,331","2,020","13,259"
앨리스,2020.08.28,SBS,금,"2,696","10,806","1,269","3,418",126,352,580,264,316,21,90,49,148,120,0.2,81,25,"2,099","1,720"
모범형사,2020.07.06,JTBC,월화,"2,095","4,983","1,404","2,393",235,"1,120","1,714",807,908,102,133,152,443,504,0.3,"2,803","5,474","9,342","28,359"
트레인,2020.07.11,OCN,토일,"1,913","9,087",213,764,262,296,404,195,209,14,16,43,152,86,0.3,-,-,-,-
그놈이그놈이다,2020.07.06,KBS2,월화,"1,750","7,756","1,057","2,361",213,601,785,306,480,26,44,81,125,195,0,"2,765","3,238","4,355","11,841"
우아한친구들,2020.07.10,JTBC,금,"1,403","2,748","2,250","1,870",261,667,914,375,539,34,81,71,207,302,0.3,"2,462","1,657","4,404","12,714"
브람스를좋아하세요,2020.08.31,SBS,월화,"1,251","5,356",608,"1,829",68,-,-,-,-,-,-,-,-,-,-,-,-,-,-
청춘기록,2020.09.07,tvN,월화,"1,239","11,253",223,936,16,-,-,-,-,-,-,-,-,-,-,-,-,-,-
출사표,2020.07.01,KBS2,수목,987,"3,775",330,"1,228",170,505,687,321,365,28,48,51,148,206,0.1,"2,478","5,085","2,956","4,633"
미씽그들이있었다,2020.08.29,OCN,토일,897,"2,379",365,"1,142",132,491,768,373,394,30,61,119,238,174,0.3,-,-,-,-
도도솔솔라라솔,2020.10.07,KBS2,수목,854,"5,131",94,"1,361",14,-,-,-,-,-,-,-,-,-,-,-,-,-,-
내가가장예뻤을때,2020.08.19,MBC,수목,819,"2,995","1,001","1,439",158,550,780,305,475,22,68,104,143,211,0.1,78,79,445,958
트웬티트웬티,2020.09.06,JTBC,토일,724,"8,579","2,104",62,2,-,-,-,-,-,-,-,-,-,-,-,-,-,-
연애는귀찮지만외로운건싫어,2020.08.11,MBCeve,월화,450,"2,161",249,"1,839",158,73,106,36,71,8,7,18,25,16,-,226,369,550,"1,674"
시네마틱드라마SF8,2020.08.14,MBC,금,403,"1,335",60,829,68,287,447,194,253,44,31,85,105,88,0,-,-,139,80
좀비탐정,2020.09.21,KBS2,월화,256,717,64,839,9,-,-,-,-,-,-,-,-,-,-,-,-,-,-
십시일반,2020.07.22,MBC,수목,250,356,145,757,182,510,716,301,415,11,52,108,122,170,0,244,"1,287",581,"3,749"
경우의수,2020.09.25,JTBC,금,208,519,50,7,0,-,-,-,-,-,-,-,-,-,-,-,-,-,-
18어게인,2020.09.21,JTBC,월화,197,895,71,348,6,-,-,-,-,-,-,-,-,-,-,-,-,-,-
사생활,2020.10.07,JTBC,수목,92,643,31,187,2,-,-,-,-,-,-,-,-,-,-,-,-,-,-
거짓말의거짓말,2020.09.04,채널A,금,71,83,19,575,10,-,-,-,-,-,-,-,-,-,-,-,-,13,36
오!삼광빌라!,2020.09.19,KBS2,토일,52,177,0,147,0,-,-,-,-,-,-,-,-,-,-,-,-,-,-
청춘기록,2020.09.07,tvN,월화,"32,419","180,104","11,168","5,640",438,"1,250","1,923",757,"1,166",112,156,269,490,472,1.2,"13,874","17,495","16,754","18,144"
비밀의숲2,2020.08.15,tvN,토일,"28,269","116,260","7,232","3,065",407,"1,273","2,088",938,"1,150",125,204,283,571,441,2,"6,433","14,380","16,878","28,970"
브람스를좋아하세요,2020.08.31,SBS,월화,"22,097","173,970","11,151","4,122",394,856,"1,277",528,749,51,92,165,287,313,0.2,931,"6,182","4,002","20,148"
악의꽃,2020.07.29,tvN,수목,"17,832","115,716","10,609","3,662",383,892,"1,323",518,805,86,133,249,384,251,0.6,"3,915","7,180","18,207","44,692"
한번다녀왔습니다,2020.03.28,KBS2,토일,"8,744","62,125","9,982","1,782",165,"6,445","9,567","3,998","5,570",463,581,805,"1,453","2,232",0.3,"1,488","1,030","15,984","14,788"
앨리스,2020.08.28,SBS,금,"5,354","24,808","4,754","3,955",269,"1,425","2,183",981,"1,201",145,143,231,579,571,0.6,"1,860","4,226","12,466","18,718"
18어게인,2020.09.21,JTBC,월화,"5,237","29,980","1,869","2,658",180,489,805,363,442,52,87,94,188,222,0.4,381,"1,074","4,025","7,950"
트웬티트웬티,2020.09.06,JTBC,토일,"4,989","41,504","7,259",402,17,106,156,69,86,3,14,20,27,47,-,-,-,65,"1,647"
오!삼광빌라!,2020.09.19,KBS2,토일,"3,132","8,775",719,"2,735",182,"4,213","5,904","2,424","3,480",233,308,404,750,"1,368",0.1,"1,475","3,997","5,306","3,445"
내가가장예뻤을때,2020.08.19,MBC,수목,"3,033","16,340","4,679","1,866",341,631,856,324,532,35,63,102,160,206,0.1,"2,104","2,292","1,917","3,191"
경우의수,2020.09.25,JTBC,금,"2,908","23,879","1,024","1,918",115,275,490,198,292,30,31,43,179,80,0,239,865,307,427
미씽그들이있었다,2020.08.29,OCN,토일,"2,263","8,836","1,472","1,370",315,653,"1,108",496,611,81,93,150,394,228,0.5,-,-,-,-
거짓말의거짓말,2020.09.04,채널A,금,"2,210","8,123","1,157","1,890",198,580,790,312,478,29,46,51,141,278,0.1,667,"2,361","4,863","7,301"
좀비탐정,2020.09.21,KBS2,월화,"1,357","5,343",352,"2,709",91,620,961,419,542,60,55,80,264,191,0.1,"1,937","1,837",909,"1,503"
우리사랑했을까,2020.07.08,JTBC,수목,698,"2,056",118,542,24,366,589,278,311,14,63,109,110,124,0,-,314,225,720
스타트업,2020.10.17,tvN,토일,650,"3,072",117,435,6,-,-,-,-,-,-,-,-,-,-,-,-,624,88
사생활,2020.10.07,JTBC,수목,438,"3,079",309,449,21,-,-,-,-,-,-,-,-,-,-,-,-,-,-
우아한친구들,2020.07.10,JTBC,금,425,912,456,560,66,806,"1,120",440,681,21,104,75,256,396,0,153,"2,578",807,"6,670"
연애는귀찮지만외로운건싫어,2020.08.11,MBCeve,월화,409,"2,269",202,"1,160",159,47,56,18,38,1,6,6,22,9,0,443,655,381,"2,842"
학교기담,2020.09.12,TVCHOS,토일,320,935,9,173,35,214,277,121,156,19,22,19,37,64,-,-,40,2,719
구미호뎐,2020.10.07,tvN,수목,299,"2,412",433,754,31,-,-,-,-,-,-,-,-,-,-,-,-,-,295
도도솔솔라라솔,2020.10.07,KBS2,수목,269,763,29,432,8,-,-,-,-,-,-,-,-,-,-,-,-,-,-
그놈이그놈이다,2020.07.06,KBS2,월화,212,806,109,568,31,582,779,309,470,17,44,58,97,150,0,556,41,344,562
시네마틱드라마SF8,2020.08.14,MBC,금,201,362,26,314,50,241,330,150,180,17,23,38,94,57,0,-,-,-,-
써치,2020.10.17,OCN,토일,60,417,56,224,5,-,-,-,-,-,-,-,-,-,-,-,-,-,-
나의위험한아내,2020.10.05,MBN,월화,37,50,8,377,4,-,-,-,-,-,-,-,-,-,-,-,-,-,-
나를사랑한스파이,2020.10.21,MBC,수목,23,50,0,71,1,-,-,-,-,-,-,-,-,-,-,-,-,-,-
청춘기록,2020.09.07,tvN,월화,"34,300","167,309","11,787","4,675",448,"1,408","2,058",808,"1,250",112,138,286,489,494,1.1,"14,047","20,882","18,382","33,025"
브람스를좋아하세요,2020.08.31,SBS,월화,"28,769","183,984","7,920","2,240",233,736,"1,128",452,675,41,79,148,252,235,0.1,105,"4,469","3,171","18,894"
스타트업,2020.10.17,tvN,토일,"15,781","82,843","4,382","3,754",345,801,"1,319",556,763,111,137,169,320,300,0.6,10,79,85,"2,121"
구미호뎐,2020.10.07,tvN,수목,"15,281","83,158","18,310","4,194",488,"1,054","1,713",750,963,144,132,302,551,329,1.1,"5,724","6,329","29,865","81,968"
18어게인,2020.09.21,JTBC,월화,"9,977","81,255","7,482","2,593",340,613,982,434,547,87,95,112,234,295,0.8,"1,910","8,438","12,784","77,150"
비밀의숲2,2020.08.15,tvN,토일,"8,942","39,235","1,921",466,88,"1,532","2,426","1,119","1,307",127,188,355,689,575,0.5,"2,483","32,347","11,859","38,263"
도도솔솔라라솔,2020.10.07,KBS2,수목,"6,151","33,236","2,041","2,471",285,521,778,300,478,62,43,78,183,179,0.3,"1,840","4,774","4,629","10,650"
펜트하우스,2020.10.26,SBS,월화,"5,761","22,099","2,720","3,058",141,"1,311","1,916",809,"1,107",88,128,204,434,553,0.1,29,217,"2,458","5,296"
사생활,2020.10.07,JTBC,수목,"4,987","20,700","1,444","2,693",238,385,588,271,316,18,54,81,135,164,1,"1,413","9,878","1,724","6,115"
오!삼광빌라!,2020.09.19,KBS2,토일,"4,111","9,057","3,093","2,139",314,"4,196","5,814","2,408","3,406",234,327,377,694,"1,436",0.3,"5,768","1,844","15,354","14,333"
경우의수,2020.09.25,JTBC,금,"3,287","33,851","2,814","1,719",322,274,481,208,273,35,49,41,134,109,0.1,337,"1,090","1,407","4,288"
거짓말의거짓말,2020.09.04,채널A,금,"2,787","10,557","3,151","1,695",230,945,"1,341",524,817,47,105,123,189,437,0.1,701,"2,538","7,327","17,080"
써치,2020.10.17,OCN,토일,"2,694","14,707","1,542","1,465",281,563,939,447,493,81,68,99,278,250,0.3,-,-,-,-
앨리스,2020.08.28,SBS,금,"2,554","14,406","3,724","2,241",184,"1,250","1,903",880,"1,023",111,108,186,542,506,0.4,"3,328","1,289","7,288","20,054"
카이로스,2020.10.26,MBC,월화,"2,526","8,225",300,"2,071",96,652,910,411,499,37,50,100,172,225,0,-,-,277,"1,275"
내가가장예뻤을때,2020.08.19,MBC,수목,"2,422","10,036","1,916","1,039",161,602,806,293,513,28,41,99,124,179,0,295,426,"1,319","2,959"
미씽그들이있었다,2020.08.29,OCN,토일,"2,087","4,924","1,000",427,194,637,"1,015",462,553,65,66,144,341,253,0.3,-,-,-,-
트웬티트웬티,2020.09.06,JTBC,토일,"1,422","20,702","5,512",326,22,98,149,72,77,14,10,15,29,48,-,-,299,18,"4,248"
나를사랑한스파이,2020.10.21,MBC,수목,"1,187","3,045",465,"2,044",178,627,986,453,533,61,82,105,225,236,0.1,642,"2,356","1,158","6,304"
좀비탐정,2020.09.21,KBS2,월화,"1,140","4,228",316,"1,789",167,491,725,348,377,41,43,61,165,167,0.2,"4,158","4,531","4,266","7,033"
나의위험한아내,2020.10.05,MBN,월화,751,"2,156",369,"2,046",300,400,522,227,295,12,32,24,75,175,0.2,149,"2,394","1,737","6,819"
날아라개천용,2020.10.30,SBS,금,641,"1,315",366,"1,843",119,922,"1,289",586,703,65,99,121,313,362,0,949,94,"1,331",206
산후조리원,2020.11.02,tvN,월화,241,960,138,851,35,-,-,-,-,-,-,-,-,-,-,-,-,-,-
연애는귀찮지만외로운건싫어,2020.08.11,MBCeve,월화,165,511,63,487,70,31,49,26,23,6,1,6,11,15,0,181,117,318,"1,740"
라이브온,2020.11.17,JTBC,월화,117,"1,201",168,175,2,-,-,-,-,-,-,-,-,-,-,-,-,-,-
KBS드라마스페셜2020,2020.11.07,KBS2,수목,66,138,10,188,6,-,-,-,-,-,-,-,-,-,-,-,-,-,-
제발그남자만나지마요,2020.11.10,MBCeve,월화,22,31,3,256,2,-,-,-,-,-,-,-,-,-,-,-,-,-,-
시네마틱드라마SF8,2020.08.14,MBC,금,19,37,7,57,14,264,376,184,191,22,30,79,80,81,-,-,-,-,-
복수해라,2020.11.21,TVCHOS,토일,11,18,1,85,2,-,-,-,-,-,-,-,-,-,-,-,-,-,-
펜트하우스,2020.10.26,SBS,월화,"22,167","78,151","26,241","5,854",320,"2,224","3,247","1,373","1,874",134,286,354,675,988,0.8,"2,676","12,006","15,031","57,882"
스타트업,2020.10.17,tvN,토일,"20,213","189,442","14,005","4,429",655,818,"1,354",539,816,125,155,129,403,312,1,"7,343","17,280","15,493","34,017"
구미호뎐,2020.10.07,tvN,수목,"10,475","85,552","25,057","3,326",481,989,"1,608",687,922,162,141,238,548,313,0.7,"3,654","10,196","29,859","92,870"
도도솔솔라라솔,2020.10.07,KBS2,수목,"6,844","38,213","1,883","1,746",249,487,731,289,441,49,60,67,176,177,0.1,"2,171","2,880","5,575","7,828"
카이로스,2020.10.26,MBC,월화,"6,642","22,825","1,140","2,773",274,533,716,312,404,24,42,64,163,165,0.3,"3,814","7,359","1,680","9,910"
오!삼광빌라!,2020.09.19,KBS2,토일,"5,282","11,668","4,909","2,803",308,"4,737","6,771","2,811","3,959",286,436,397,894,"1,670",0.4,"9,256","7,922","27,053","18,370"
산후조리원,2020.11.02,tvN,월화,"4,621","37,289","13,517","4,549",470,719,"1,151",413,738,66,127,227,280,228,0.1,"5,726","7,611","15,915","30,434"
18어게인,2020.09.21,JTBC,월화,"3,213","30,010","4,464","1,958",165,605,996,426,570,85,120,100,233,269,0.3,"1,396","7,771","6,035","25,283"
경우의수,2020.09.25,JTBC,금,"2,202","18,884","2,120","2,253",211,273,436,193,243,25,37,29,146,109,0.2,"1,420","2,352","1,754","7,756"
사생활,2020.10.07,JTBC,수목,"1,990","12,623","1,223","1,921",198,303,451,207,244,14,38,45,101,147,0.5,"1,387","5,819",526,"9,885"
라이브온,2020.11.17,JTBC,월화,"1,740","15,344","1,709","2,662",64,250,368,159,208,14,28,46,103,78,0,108,410,"1,423","4,422"
써치,2020.10.17,OCN,토일,"1,669","8,424","1,137",786,235,746,"1,200",546,654,91,88,127,353,335,0.4,-,-,-,-
경이로운소문,2020.11.28,OCN,토일,"1,473","5,865",573,"2,417",188,799,"1,296",616,680,88,105,149,416,341,0.6,-,-,-,-
나를사랑한스파이,2020.10.21,MBC,수목,"1,163","2,557",427,"1,820",212,530,767,339,428,44,44,86,183,198,0.1,"1,628","9,611","1,055","10,508"
청춘기록,2020.09.07,tvN,월화,"1,105","1,434",0,14,0,-,-,-,-,-,-,-,-,-,-,-,410,382,"15,720"
날아라개천용,2020.10.30,SBS,금,982,"2,141",646,"2,233",203,943,"1,356",638,718,65,90,125,349,376,0.2,"4,362","6,481","8,897","14,519"
복수해라,2020.11.21,TVCHOS,토일,696,920,82,"2,403",73,568,759,339,420,20,70,39,82,193,0.1,334,589,995,"1,459"
낮과밤,2020.11.30,tvN,월화,608,"3,473",233,"1,833",104,910,"1,363",600,764,52,143,133,361,366,0.1,70,-,20,-
철인왕후,2020.12.12,tvN,토일,553,"3,815","1,087",843,33,-,-,-,-,-,-,-,-,-,-,-,-,-,-
KBS드라마스페셜2020,2020.11.07,KBS2,수목,550,"1,178",140,"2,167",152,347,477,186,291,22,30,43,73,137,0,35,831,40,"1,805"
허쉬,2020.12.11,JTBC,금,511,"1,544",138,926,11,-,-,-,-,-,-,-,-,-,-,-,-,-,-
여신강림,2020.12.09,tvN,수목,439,"2,631",399,901,13,-,-,-,-,-,-,-,-,-,-,-,-,-,-
나의위험한아내,2020.10.05,MBN,월화,391,639,309,"1,704",286,391,495,186,310,11,33,26,81,169,0.1,126,940,"2,584","9,209"
제발그남자만나지마요,2020.11.10,MBCeve,월화,389,"1,353",86,"1,484",93,72,128,46,82,17,11,17,47,28,0.1,745,"3,843",344,"2,354"
바람피면죽는다,2020.12.02,KBS2,수목,185,401,53,826,21,-,-,-,-,-,-,-,-,-,-,-,-,-,-
런온,2020.12.16,JTBC,수목,143,942,53,319,5,-,-,-,-,-,-,-,-,-,-,-,-,-,-
트웬티트웬티,2020.09.06,JTBC,토일,67,249,11,92,0,76,109,54,55,6,10,13,11,43,-,-,-,-,-
암행어사조선비밀수사단,2020.12.21,KBS2,월화,22,194,14,73,6,-,-,-,-,-,-,-,-,-,-,-,-,-,-
좀비탐정,2020.09.21,KBS2,월화,9,44,0,0,0,-,-,-,-,-,-,-,-,-,-,-,22,-,21
펜트하우스,2020.10.26,SBS,월화,"78,643","382,647","68,477","9,523",433,"3,614","5,716","2,363","3,353",330,518,658,"1,182","1,573",1.2,"5,400","20,412","26,689","136,325"
철인왕후,2020.12.12,tvN,토일,"13,987","74,482","20,694","5,002",317,"1,556","2,684","1,178","1,506",207,194,289,885,612,-,"7,601","12,509","31,434","75,857"
경이로운소문,2020.11.28,OCN,토일,"12,657","79,778","13,945","3,338",415,"1,375","2,345","1,109","1,236",233,187,303,758,556,1.6,"1,392","12,222","4,528","72,109"
여신강림,2020.12.09,tvN,수목,"8,964","97,344","21,499","6,648",319,727,"1,185",434,751,145,124,198,341,190,-,"3,311","4,652","15,625","34,264"
카이로스,2020.10.26,MBC,월화,"5,448","16,162",621,"3,130",260,531,717,305,412,22,27,58,212,156,0.3,"5,621","3,280","2,435","13,466"
허쉬,2020.12.11,JTBC,금,"5,264","14,672","1,127","4,204",227,434,695,353,341,27,64,76,143,186,-,"2,590","3,897","6,409","8,393"
구미호뎐,2020.10.07,tvN,수목,"4,706","41,400","6,119","1,312",128,"1,066","1,686",715,971,148,156,255,589,301,0.2,"2,102","5,836","10,983","32,865"
런온,2020.12.16,JTBC,수목,"4,131","20,864","1,850","3,924",291,437,718,320,397,51,49,60,214,175,-,"1,633","1,836","2,626","3,247"
오!삼광빌라!,2020.09.19,KBS2,토일,"3,787","10,732","2,986","2,347",270,"4,915","7,230","3,014","4,216",338,467,464,936,"1,720",0.5,"3,914","8,825","17,839","11,058"
스타트업,2020.10.17,tvN,토일,"2,938","35,770","3,044",757,130,837,"1,339",540,799,119,165,164,390,275,0.1,"1,810","6,070","2,313","13,140"
라이브온,2020.11.17,JTBC,월화,"2,866","30,053","5,727","1,805",128,134,223,100,122,13,18,22,62,45,0.2,92,"1,579","1,763","10,205"
낮과밤,2020.11.30,tvN,월화,"1,846","7,219","3,222","3,448",428,813,"1,208",508,699,59,93,130,362,315,0.6,"6,370","9,393","8,502","31,463"
바람피면죽는다,2020.12.02,KBS2,수목,"1,627","3,778",817,"4,480",204,626,901,369,532,41,68,81,184,219,-,"1,045","1,197","3,936","11,381"
날아라개천용,2020.10.30,SBS,금,"1,295","8,098",264,"2,263",106,862,"1,282",596,686,54,96,119,281,371,0.1,"1,939",785,"2,282","5,608"
암행어사조선비밀수사단,2020.12.21,KBS2,월화,"1,242","5,205",600,"4,038",147,926,"1,236",591,645,42,71,67,241,327,-,"1,039","1,662","2,306","4,220"
나를사랑한스파이,2020.10.21,MBC,수목,715,"1,150",368,"1,516",206,468,673,295,378,34,46,78,159,138,0.1,"4,370","2,890",977,"3,797"
복수해라,2020.11.21,TVCHOS,토일,515,959,58,"1,024",65,415,566,245,321,9,42,35,57,148,0.2,140,"1,478","1,059","11,463"
KBS드라마스페셜2020,2020.11.07,KBS2,수목,495,"1,370",118,"1,776",90,248,334,146,188,21,31,34,55,88,-,-,-,-,-
제발그남자만나지마요,2020.11.10,MBCeve,월화,376,"1,783",209,810,156,70,115,41,73,9,13,13,40,32,0.1,810,"2,329",650,"2,791"
선배그립스틱바르지마요,2021.01.18,JTBC,월화,46,762,152,216,11,-,-,-,-,-,-,-,-,-,-,-,-,-,-
펜트하우스,2020.10.26,SBS,월화,"36,973","181,639","21,507","4,988",124,"4,412","7,140","2,930","4,210",400,721,780,"1,445","2,086",0.3,-,-,-,-
경이로운소문,2020.11.28,OCN,토일,"27,593","130,908","14,767","4,695",495,"2,122","4,080","1,881","2,199",420,421,511,"1,218",997,3.2,"1,239","8,089","7,929","47,238"
철인왕후,2020.12.12,tvN,토일,"26,176","144,293","46,906","4,408",550,"2,219","4,018","1,768","2,250",289,348,423,"1,177","1,047",2.4,"6,846","12,393","51,047","132,385"
여신강림,2020.12.09,tvN,수목,"15,639","185,795","33,231","5,741",619,783,"1,478",582,896,212,118,206,438,254,1.2,393,"1,802","30,517","64,532"
런온,2020.12.16,JTBC,수목,"13,724","75,571","5,007","3,294",329,487,839,339,500,52,63,92,211,216,1.3,"1,224","8,791","6,357","14,550"
펜트하우스2,2021.02.19,SBS,금,"8,219","25,597",492,333,13,-,-,-,-,-,-,-,-,-,-,826,"3,518","9,133","51,796"
오!삼광빌라!,2020.09.19,KBS2,토일,"4,874","13,259","4,266","2,306",336,"5,192","7,640","3,239","4,401",318,571,527,929,"1,902",0.5,"1,687","3,742","12,639","6,730"
선배그립스틱바르지마요,2021.01.18,JTBC,월화,"3,028","16,125","1,750","3,096",170,378,609,242,367,40,67,92,111,152,0.2,223,"3,512","1,218","1,352"
허쉬,2020.12.11,JTBC,금,"2,032","4,177",222,"1,989",253,358,582,291,291,22,43,43,155,132,0.4,719,"1,090","1,948","4,493"
암행어사조선비밀수사단,2020.12.21,KBS2,월화,"1,775","8,867","1,065","3,424",238,"1,650","2,409","1,118","1,291",99,146,151,404,634,0.6,797,"1,693","5,126","16,506"
결혼작사이혼작곡,2021.01.23,TVCHOS,토일,"1,475","11,637","1,865","3,252",75,"1,043","1,481",586,896,32,98,99,154,316,0.3,304,168,"1,271","2,415"
날아라개천용,2020.10.30,SBS,금,"1,317","7,574","1,531","3,456",210,941,"1,486",722,764,75,109,125,325,416,0.3,"1,968","2,514","6,237","9,602"
낮과밤,2020.11.30,tvN,월화,"1,286","4,982","3,218","2,450",266,904,"1,372",614,758,81,99,116,388,407,0.4,"1,061","1,106","7,431","23,675"
바람피면죽는다,2020.12.02,KBS2,수목,970,"1,223",444,"3,065",190,544,730,316,414,41,48,64,116,209,0.1,-,49,904,"3,889"
라이브온,2020.11.17,JTBC,월화,832,"7,533","1,627","1,067",35,160,293,133,160,18,21,77,51,31,0.1,-,-,499,"1,055"
빈센조,2021.02.20,tvN,토일,474,"2,167",489,563,7,-,-,-,-,-,-,-,-,-,-,-,-,-,-
루카더비기닝,2021.02.01,tvN,월화,425,"1,494",380,"1,578",41,-,-,-,-,-,-,-,-,-,-,-,-,-,-
시지프스,2021.02.17,JTBC,수목,180,"1,116",84,211,3,-,-,-,-,-,-,-,-,-,-,-,-,-,-
복수해라,2020.11.21,TVCHOS,토일,167,229,55,524,63,411,558,228,331,18,30,28,53,147,0.1,-,-,"1,743","3,104"
제발그남자만나지마요,2020.11.10,MBCeve,월화,167,723,94,662,61,76,161,69,92,20,21,6,48,45,0,518,"3,282",111,318
달이뜨는강,2021.02.15,KBS2,월화,125,515,4,174,2,-,-,-,-,-,-,-,-,-,-,-,-,-,-
안녕나야,2021.02.17,KBS2,수목,104,233,2,209,2,-,-,-,-,-,-,-,-,-,-,-,-,-,-
괴물,2021.02.19,JTBC,금,78,387,96,316,4,-,-,-,-,-,-,-,-,-,-,-,-,-,-
타임즈,2021.02.20,OCN,토일,45,83,0,203,2,-,-,-,-,-,-,-,-,-,-,-,-,-,-
구미호레시피,2021.02.12,KBS1,금,22,93,12,48,3,-,-,-,-,-,-,-,-,-,-,-,-,-,-
펜트하우스2,2021.02.19,SBS,금,"21,202","200,554","35,742","8,095",356,"3,651","6,234","2,587","3,647",512,611,818,"1,215","1,683",1.1,"2,039","1,684","23,236","37,999"
빈센조,2021.02.20,tvN,토일,"5,652","38,873","7,377","4,250",286,"1,599","2,796","1,202","1,594",187,224,284,867,739,1.9,191,671,"9,578","19,799"
철인왕후,2020.12.12,tvN,토일,"4,381","46,302","27,001","2,213",280,"2,638","4,823","2,148","2,675",329,411,517,"1,331","1,301",0.7,"1,779","17,432","26,620","166,272"
시지프스,2021.02.17,JTBC,수목,"3,724","16,142","1,305","3,059",148,997,"1,665",725,940,74,142,157,455,489,0.8,70,274,"3,435","4,662"
여신강림,2020.12.09,tvN,수목,"3,081","58,752","9,213","1,783",168,774,"1,420",530,889,190,100,213,456,228,0.4,608,"11,040","6,340","33,300"
괴물,2021.02.19,JTBC,금,"2,567","9,658",498,"2,942",161,679,"1,145",492,653,58,77,131,291,354,0.3,682,228,"3,439","6,588"
루카더비기닝,2021.02.01,tvN,월화,"2,474","10,436","4,034","3,257",481,"1,077","1,808",828,980,99,129,158,557,556,0.9,"3,399","7,165","8,377","20,815"
오!삼광빌라!,2020.09.19,KBS2,토일,"2,270","9,643","4,017","1,954",279,"5,155","7,689","3,224","4,464",339,502,541,987,"1,885",0.4,999,"5,577","8,666","12,090"
선배그립스틱바르지마요,2021.01.18,JTBC,월화,"2,127","17,603","4,713","1,664",306,338,533,214,319,33,40,78,82,128,0.4,143,"5,599","1,059","6,019"
런온,2020.12.16,JTBC,수목,"1,907","10,853","1,229","1,305",85,475,795,345,450,49,54,93,226,194,0.3,54,"2,312","1,391","11,782"
달이뜨는강,2021.02.15,KBS2,월화,"1,816","11,710",919,"3,617",131,"1,481","2,115",966,"1,149",79,91,190,414,568,0.4,"1,359","3,727","1,351","3,868"
결혼작사이혼작곡,2021.01.23,TVCHOS,토일,"1,707","7,322","3,269","2,607",175,"1,080","1,508",566,942,45,81,94,146,344,0.6,166,"2,634","4,356","7,424"
안녕나야,2021.02.17,KBS2,수목,930,"2,376",371,"2,972",128,655,963,446,517,76,40,84,186,259,0.4,547,145,466,"3,014"
암행어사조선비밀수사단,2020.12.21,KBS2,월화,848,"4,229",671,"1,701",105,"2,155","3,140","1,457","1,683",99,181,231,446,869,0.3,456,116,"1,874","5,470"
타임즈,2021.02.20,OCN,토일,746,"4,329",609,"1,575",227,394,654,321,333,36,51,59,165,221,0.2,-,-,771,"1,639"
마우스,2021.03.03,tvN,수목,434,"4,511",345,878,43,-,-,-,-,-,-,-,-,-,-,-,-,-,-
디어엠(Dear.M),2021.02.26,KBS2,금,427,"4,665",843,480,15,-,-,-,-,-,-,-,-,-,-,-,-,-,-
허쉬,2020.12.11,JTBC,금,349,"1,257",183,624,63,360,551,288,263,19,31,46,162,130,0.1,40,806,269,"2,453"
구미호레시피,2021.02.12,KBS1,금,113,168,29,508,40,400,523,242,281,32,40,51,66,87,-,-,-,4,17
러브씬넘버#,2021.02.01,MBC,월화,112,166,29,900,51,400,558,274,284,27,38,72,111,119,0,51,-,763,"2,008"
드라마스테이지2021,2021.03.03,tvN,수목,89,"1,002",25,346,5,-,-,-,-,-,-,-,-,-,-,-,-,-,27
오케이광자매,2021.03.13,KBS2,토일,52,34,7,247,3,-,-,-,-,-,-,-,-,-,-,-,-,-,-
경로를이탈하였습니다,2021.03.15,JTBC,월화,12,206,34,104,2,-,-,-,-,-,-,-,-,-,-,-,-,-,-
펜트하우스2,2021.02.19,SBS,금,"37,972","393,153","95,113","8,086",421,"4,383","7,207","2,961","4,246",495,670,961,"1,391","1,957",1.1,"4,354","16,479","51,298","158,737"
빈센조,2021.02.20,tvN,토일,"15,069","146,658","25,567","5,428",674,"1,895","3,219","1,473","1,745",220,267,377,920,840,1.9,"2,432","19,546","31,670","112,049"
조선구마사,2021.03.22,SBS,월화,"13,460","272,929","6,555","6,817",177,"1,449","2,247","1,062","1,185",96,164,299,568,618,0.1,"1,067",793,"1,902","1,427"
마우스,2021.03.03,tvN,수목,"6,625","40,821","8,650","4,300",490,"1,048","1,699",734,965,90,137,241,491,456,1.4,"2,746","4,469","18,668","52,450"
달이뜨는강,2021.02.15,KBS2,월화,"5,091","73,343","4,413","5,605",271,"1,548","2,204",982,"1,222",71,115,190,374,617,0.4,"2,356","1,935","7,738","12,254"
괴물,2021.02.19,JTBC,금,"4,809","29,228","1,873","3,875",307,770,"1,243",518,725,46,81,164,329,388,0.3,304,"1,643","10,246","23,257"
시지프스,2021.02.17,JTBC,수목,"4,126","23,092","3,255","3,053",336,823,"1,308",591,717,49,116,141,309,428,0.8,465,"6,628","4,617","20,113"
나빌레라,2021.03.22,tvN,월화,"2,726","15,105","1,662","3,260",254,526,796,324,472,39,73,95,173,212,0.5,966,"1,389","2,395","1,180"
오케이광자매,2021.03.13,KBS2,토일,"1,538","4,680",991,"3,272",207,"4,317","6,103","2,565","3,538",205,330,387,766,"1,425",0.4,10,977,"6,344","1,592"
안녕나야,2021.02.17,KBS2,수목,"1,112","3,522",642,"2,079",205,669,994,439,556,63,67,80,180,281,0.4,"1,484","2,555","2,134","10,049"
오!삼광빌라!,2020.09.19,KBS2,토일,874,"5,371","1,071",970,69,"5,361","7,702","3,163","4,539",270,519,549,941,"1,893",0.5,-,"2,473","2,961","4,584"
루카더비기닝,2021.02.01,tvN,월화,836,"4,216","2,157","1,664",211,"1,109","1,790",872,918,94,141,176,440,595,0.9,467,"3,532","4,909","14,600"
선배그립스틱바르지마요,2021.01.18,JTBC,월화,806,"8,003","3,433","1,005",145,313,488,216,272,21,43,46,100,120,0.2,34,"1,233",152,"4,004"
타임즈,2021.02.20,OCN,토일,729,"1,921",814,"1,299",390,350,513,273,239,21,18,58,130,178,0.2,63,"1,098","1,953","15,411"
오주인님,2021.03.24,MBC,수목,726,"5,158",347,"3,010",176,286,436,229,207,11,42,74,81,143,0.1,25,369,602,"1,033"
결혼작사이혼작곡,2021.01.23,TVCHOS,토일,718,"2,938","1,598","1,191",93,"1,058","1,426",567,859,31,69,76,149,301,0.3,339,"1,114","3,204","6,078"
드라마스테이지2021,2021.03.03,tvN,수목,673,"5,049","2,084","1,212",302,213,337,157,180,17,28,59,92,87,0,444,"1,011",895,"6,354"
경로를이탈하였습니다,2021.03.15,JTBC,월화,221,"1,103",137,685,68,375,588,282,306,18,49,73,125,173,0,-,-,-,-
아이를찾습니다,2021.03.22,JTBC,월화,195,731,72,549,70,428,661,259,402,12,41,86,137,204,0,-,-,-,-
모범택시,2021.04.09,SBS,금,153,848,109,625,24,-,-,-,-,-,-,-,-,-,-,-,-,-,-
대박부동산,2021.04.14,KBS2,수목,123,637,46,395,3,-,-,-,-,-,-,-,-,-,-,-,-,-,-
로스쿨,2021.04.14,JTBC,수목,106,961,184,320,9,-,-,-,-,-,-,-,-,-,-,-,-,-,-
어쩌다가족,2021.03.21,TVCHOS,토일,81,277,16,455,18,216,288,134,154,11,6,19,47,82,-,-,-,260,114
언더커버,2021.04.23,JTBC,금,28,130,60,144,2,-,-,-,-,-,-,-,-,-,-,-,-,-,-
다크홀,2021.04.30,OCN,금,12,71,4,44,2,-,-,-,-,-,-,-,-,-,-,-,-,-,-
빈센조,2021.02.20,tvN,토일,"13,081","123,690","24,126","4,142",527,"2,150","3,694","1,649","2,044",247,296,410,"1,019",982,1.9,"5,142","11,537","36,950","161,751"
펜트하우스2,2021.02.19,SBS,금,"5,447","52,099","9,035","1,359",76,"4,574","7,530","3,110","4,420",434,653,"1,047","1,466","2,111",1.1,"1,236","2,963","9,368","29,099"
마우스,2021.03.03,tvN,수목,"4,668","34,812","6,412","2,521",402,"1,089","1,778",761,"1,017",83,139,243,559,481,1.4,"1,163","3,750","21,240","43,350"
모범택시,2021.04.09,SBS,금,"4,426","32,497","9,883","3,997",315,"2,231","3,621","1,707","1,913",192,275,435,855,"1,037",1.8,"2,070","3,498","14,145","63,216"
나빌레라,2021.03.22,tvN,월화,"3,944","20,968","3,779","3,052",454,544,831,343,488,41,96,81,191,230,0.5,"2,459","3,112","4,112","23,994"
대박부동산,2021.04.14,KBS2,수목,"1,893","6,551","1,229","3,389",184,933,"1,413",621,792,66,95,126,347,390,0.5,"1,703","2,858","4,958","14,771"
괴물,2021.02.19,JTBC,금,"1,802","12,470",835,"1,721",136,782,"1,260",542,718,35,91,144,343,419,0.3,176,"6,015","6,248","41,961"
달이뜨는강,2021.02.15,KBS2,월화,"1,591","25,692","1,836","3,531",190,"1,547","2,139",961,"1,178",57,125,180,319,603,0.4,854,"4,835","4,041","4,280"
시지프스,2021.02.17,JTBC,수목,"1,531","9,665","1,161","1,086",120,759,"1,254",575,679,54,113,134,290,389,0.8,653,"4,639","2,063","21,947"
로스쿨,2021.04.14,JTBC,수목,"1,460","12,147","1,652","3,081",216,785,"1,129",481,648,43,98,114,195,390,1.8,676,"4,019","4,479","11,050"
오케이광자매,2021.03.13,KBS2,토일,"1,256","2,818","1,589","2,131",241,"4,444","6,416","2,707","3,709",266,353,422,851,"1,457",0.4,-,28,"6,055","3,959"
오주인님,2021.03.24,MBC,수목,945,"1,755",494,"2,654",295,208,377,180,198,29,47,55,68,75,0.1,"1,033",858,309,"1,764"
언더커버,2021.04.23,JTBC,금,903,"2,976",311,"2,239",98,536,888,427,460,39,60,84,191,298,0.2,466,"1,808","1,208","1,535"
이미테이션,2021.05.07,KBS2,금,630,"4,920",150,686,7,-,-,-,-,-,-,-,-,-,-,-,-,-,-
다크홀,2021.04.30,OCN,금,535,"2,614",153,"1,317",99,215,320,161,159,9,29,22,103,112,0,6,-,207,-
안녕나야,2021.02.17,KBS2,수목,459,"1,116",401,872,71,756,"1,145",502,642,62,76,96,225,311,0.4,230,98,"1,547","14,737"
드라마스테이지2021,2021.03.03,tvN,수목,441,"4,541","1,156",604,160,189,259,136,123,9,21,42,83,64,0,-,381,722,"4,320"
오월의청춘,2021.05.03,KBS2,월화,323,"1,579",144,"1,274",19,-,-,-,-,-,-,-,-,-,-,-,-,-,-
어느날우리집현관으로멸망이들어왔다,2021.05.10,tvN,월화,269,"2,065",478,752,11,-,-,-,-,-,-,-,-,-,-,-,-,-,-
보쌈-운명을훔치다,2021.05.01,MBN,토일,175,"1,375",53,"1,058",50,-,-,-,-,-,-,-,-,-,-,-,-,-,-
어쩌다가족,2021.03.21,TVCHOS,토일,113,309,26,"1,036",60,152,237,112,126,9,21,16,27,75,-,-,551,128,562
마인,2021.05.08,tvN,토일,85,399,104,712,16,-,-,-,-,-,-,-,-,-,-,-,-,-,-
나의너에게,2021.04.19,KBS1,월화,26,68,3,117,0,268,334,152,183,11,21,55,47,63,-,-,"1,001",-,-
목표가생겼다,2021.05.19,MBC,수목,16,18,0,129,1,-,-,-,-,-,-,-,-,-,-,-,-,-,-
빈센조,2021.02.20,tvN,토일,"5,942","37,782","4,216",688,114,"2,460","4,304","1,972","2,332",289,407,466,"1,202","1,152",0.8,"3,218","3,864","17,565","59,455"
모범택시,2021.04.09,SBS,금,"5,879","42,475","12,677","4,140",352,"2,569","4,149","1,956","2,193",213,310,474,988,"1,162",2.1,"1,373","21,028","17,097","86,609"
오월의청춘,2021.05.03,KBS2,월화,"4,309","23,870","4,442","3,439",276,970,"1,432",608,824,49,100,137,240,426,0.4,"1,045","2,103","5,806","8,260"
어느날우리집현관으로멸망이들어왔다,2021.05.10,tvN,월화,"3,989","52,713","12,849","4,174",462,744,"1,285",548,737,115,112,140,430,311,0.9,"2,336","3,691","21,471","48,909"
마인,2021.05.08,tvN,토일,"3,924","20,920","14,252","4,358",532,"1,109","1,850",758,"1,092",67,158,193,404,528,1.9,368,305,"19,689","56,729"
로스쿨,2021.04.14,JTBC,수목,"3,187","19,822","5,462","1,889",325,869,"1,350",575,774,52,124,123,247,439,1.5,"1,001","4,815","5,849","62,532"
펜트하우스3,2021.06.04,SBS,금,"3,157","29,080","4,136","1,419",43,-,-,-,-,-,-,-,-,-,-,-,-,620,"12,412"
마우스,2021.03.03,tvN,수목,"2,870","21,462","6,258","1,906",241,"1,172","1,939",798,"1,141",116,155,229,598,543,1.1,763,"3,208","19,654","47,930"
대박부동산,2021.04.14,KBS2,수목,"2,070","7,670","1,860","1,680",190,"1,076","1,614",720,894,73,105,164,413,453,0.5,514,"5,562","6,358","22,902"
간떨어지는동거,2021.05.26,tvN,수목,"1,877","12,525","3,546","1,914",141,861,"1,504",637,867,117,108,170,429,437,0.2,82,763,"7,513","8,913"
이미테이션,2021.05.07,KBS2,금,"1,799","18,276","1,046","1,592",121,252,335,109,225,24,45,38,71,69,0.1,27,"21,579","2,069","9,794"
오케이광자매,2021.03.13,KBS2,토일,"1,750","7,580","4,417","2,654",305,"4,792","6,913","2,927","3,986",240,388,456,911,"1,650",0.5,514,477,"18,027","7,200"
다크홀,2021.04.30,OCN,금,"1,480","8,627",551,"1,629",411,157,250,125,125,17,22,33,68,64,0.3,463,"1,044","1,951","23,229"
언더커버,2021.04.23,JTBC,금,"1,099","3,325",887,"2,226",309,554,878,432,446,21,72,59,142,328,0.4,"1,765","2,404","7,584","17,272"
보쌈-운명을훔치다,2021.05.01,MBN,토일,"1,054","5,448","1,008","2,583",441,854,"1,193",518,675,21,76,65,118,289,0.6,600,"2,300","5,539","7,862"
라켓소년단,2021.05.31,SBS,월화,440,"2,076",250,"1,398",68,"1,047","1,667",698,969,111,105,172,338,499,0.1,-,-,517,-
슬기로운의사생활2,2021.06.17,tvN,수목,404,"2,479",484,417,6,-,-,-,-,-,-,-,-,-,-,-,592,437,"2,146"
오주인님,2021.03.24,MBC,수목,391,814,152,"1,209",94,441,573,269,305,20,32,66,119,135,0,179,511,12,"1,989"
보이스4,2021.06.18,tvN,금,312,"1,513",85,398,22,-,-,-,-,-,-,-,-,-,-,-,-,-,-
목표가생겼다,2021.05.19,MBC,수목,249,467,75,"1,514",112,541,762,358,404,19,44,81,137,213,0,366,"1,078",550,"2,408"
나빌레라,2021.03.22,tvN,월화,242,420,2,13,0,-,-,-,-,-,-,-,-,-,-,-,546,-,"1,376"
알고있지만,2021.06.19,JTBC,토일,210,"2,751",482,656,7,-,-,-,-,-,-,-,-,-,-,-,-,-,-
결혼작사이혼작곡시즌2,2021.06.12,TVCHOS,토일,182,602,18,639,6,-,-,-,-,-,-,-,-,-,-,-,-,-,"4,193"
멀리서보면푸른봄,2021.06.14,KBS2,월화,174,999,30,296,2,-,-,-,-,-,-,-,-,-,-,-,-,-,-
어쩌다가족,2021.03.21,TVCHOS,토일,100,"1,236",32,786,71,185,262,117,145,5,27,14,31,77,-,-,"1,147",349,23
월간집,2021.06.16,JTBC,수목,27,95,6,125,7,-,-,-,-,-,-,-,-,-,-,-,-,-,-
미치지않고서야,2021.06.23,MBC,수목,24,17,0,4,0,-,-,-,-,-,-,-,-,-,-,-,-,-,-
펜트하우스3,2021.06.04,SBS,금,"15,591","146,257","36,127","5,469",306,"3,015","4,918","2,052","2,866",345,410,578,943,"1,440",0.9,"2,282","8,486","19,243","74,230"
슬기로운의사생활2,2021.06.17,tvN,수목,"8,719","63,238","14,149","4,107",172,"1,945","3,641","1,490","2,151",297,320,523,"1,068",881,0.9,"3,309","6,436","18,594","45,956"
간떨어지는동거,2021.05.26,tvN,수목,"3,731","29,302","21,047","2,817",524,758,"1,280",512,768,89,91,162,427,290,0.9,819,"9,691","27,947","59,829"
어느날우리집현관으로멸망이들어왔다,2021.05.10,tvN,월화,"3,261","51,101","16,120","3,521",637,603,991,424,567,94,89,110,348,216,0.5,824,"6,447","29,376","49,105"
라켓소년단,2021.05.31,SBS,월화,"3,036","18,689","2,968","3,108",317,994,"1,651",746,905,127,112,141,418,501,1,"1,010","3,698","8,578","40,367"
마인,2021.05.08,tvN,토일,"2,863","15,929","16,180","3,369",515,"1,324","2,192",881,"1,311",86,180,235,407,637,2.1,"2,334","2,144","17,731","72,034"
오월의청춘,2021.05.03,KBS2,월화,"2,760","14,271","2,164","1,791",91,983,"1,447",609,838,54,106,127,242,445,0.1,215,"6,185","2,439","8,237"
멀리서보면푸른봄,2021.06.14,KBS2,월화,"2,691","29,595",997,"2,815",186,443,656,259,398,40,54,55,97,164,0.1,110,783,"1,583","4,515"
보이스4,2021.06.18,tvN,금,"2,505","10,909","1,087","2,488",264,696,"1,131",501,629,74,98,99,306,373,0.4,150,833,"7,289","13,945"
알고있지만,2021.06.19,JTBC,토일,"2,353","20,972","5,087","2,526",128,287,532,222,310,65,66,61,116,97,0.3,68,218,"3,586","13,060"
오케이광자매,2021.03.13,KBS2,토일,"2,322","8,390","7,565","2,181",252,"4,698","6,751","2,842","3,909",213,397,414,908,"1,587",0.5,"1,112","1,149","11,647","6,060"
월간집,2021.06.16,JTBC,수목,"2,040","9,137","1,231","1,930",235,383,577,230,348,21,38,42,139,168,0.1,128,279,"3,638","5,089"
결혼작사이혼작곡시즌2,2021.06.12,TVCHOS,토일,"1,887","6,125","2,067","3,054",150,751,"1,006",377,629,19,59,70,88,220,0.3,187,437,"1,267","24,911"
로스쿨,2021.04.14,JTBC,수목,"1,505","12,119","2,915","1,283",136,848,"1,319",558,761,63,137,98,275,402,0.9,"1,286","3,668","3,395","47,680"
미치지않고서야,2021.06.23,MBC,수목,830,"2,805",508,"2,077",128,706,955,441,514,33,50,123,126,264,0.1,53,28,"1,603","1,345"
보쌈-운명을훔치다,2021.05.01,MBN,토일,807,"4,992","1,787","1,785",303,"1,106","1,492",671,821,21,88,85,150,353,0.2,"1,513","1,034","10,402","12,698"
이미테이션,2021.05.07,KBS2,금,794,"8,066",616,749,109,175,251,95,156,7,29,30,40,63,0.1,451,913,"1,363","2,558"
대박부동산,2021.04.14,KBS2,수목,746,"2,983",790,850,97,961,"1,446",623,823,61,101,123,332,411,0.2,-,"1,703","3,333","13,285"
언더커버,2021.04.23,JTBC,금,486,"1,908",400,"1,053",142,599,921,478,443,21,70,45,170,340,0.1,79,"2,524","3,931","15,229"
악마판사,2021.07.03,tvN,토일,386,"2,797",343,944,18,-,-,-,-,-,-,-,-,-,-,-,-,-,-
너는나의봄,2021.07.05,tvN,월화,320,"1,086",180,864,11,-,-,-,-,-,-,-,-,-,-,-,-,-,-
다크홀,2021.04.30,OCN,금,210,454,92,415,89,171,285,136,149,24,31,19,87,71,0,-,-,226,"5,489"
어쩌다가족,2021.03.21,TVCHOS,토일,23,33,3,176,9,156,234,115,120,8,13,9,28,77,-,-,429,-,-
슬기로운의사생활2,2021.06.17,tvN,수목,"12,771","84,119","14,120","3,598",280,"2,232","4,018","1,624","2,394",337,350,581,"1,178",932,2.1,"12,534","22,515","68,194","194,643"
펜트하우스3,2021.06.04,SBS,금,"10,592","101,335","29,811","3,206",171,"3,092","5,140","2,092","3,048",356,440,604,"1,032","1,407",0.7,"2,899","6,157","39,926","109,005"
너는나의봄,2021.07.05,tvN,월화,"5,125","18,033","3,422","3,805",407,503,761,292,470,46,71,89,208,188,1.2,"1,020","2,834","15,944","51,834"
결혼작사이혼작곡시즌2,2021.06.12,TVCHOS,토일,"4,876","17,494","4,896","2,903",156,"1,573","2,227",860,"1,366",57,161,149,243,549,0.5,858,"13,344","11,197","66,309"
악마판사,2021.07.03,tvN,토일,"4,715","27,361","13,867","3,858",525,991,"1,619",685,934,78,135,198,374,449,1.5,"2,878","4,986","45,917","109,146"
라켓소년단,2021.05.31,SBS,월화,"2,843","17,706","3,291","1,926",206,"1,072","1,792",825,967,124,152,182,417,543,1.2,46,"5,208","11,877","62,187"
오케이광자매,2021.03.13,KBS2,토일,"2,516","8,865","3,323","1,615",241,"4,878","7,095","2,990","4,105",246,442,492,967,"1,744",0.2,946,"18,899","23,587","19,084"
보이스4,2021.06.18,tvN,금,"2,506","12,964","2,239","2,350",469,701,"1,145",521,624,70,97,115,338,313,1.4,"2,858","16,725","40,305","101,043"
알고있지만,2021.06.19,JTBC,토일,"2,487","41,401","13,791","3,093",300,226,343,129,213,21,44,65,86,72,0.6,100,"4,538","9,121","67,473"
월간집,2021.06.16,JTBC,수목,"2,136","9,574","3,651","2,266",387,386,577,236,341,20,34,46,132,181,0.4,42,"8,160","8,391","32,734"
간떨어지는동거,2021.05.26,tvN,수목,"2,094","18,645","10,401","1,950",315,679,"1,135",458,677,123,91,151,340,273,0.5,"4,802","9,227","30,541","83,569"
멀리서보면푸른봄,2021.06.14,KBS2,월화,"1,706","21,537","1,175","2,143",161,399,532,222,310,30,32,47,77,143,0.1,809,"1,760","4,122","10,568"
미치지않고서야,2021.06.23,MBC,수목,"1,179","3,764",645,"1,619",208,711,997,464,532,25,57,121,169,241,0.2,-,535,"8,184","13,089"
이미테이션,2021.05.07,KBS2,금,809,"8,151",512,"1,069",97,189,267,108,159,12,29,33,44,58,0.1,873,"2,856","5,364","4,747"
경찰수업,2021.08.09,KBS2,월화,294,"1,144",123,828,8,-,-,-,-,-,-,-,-,-,-,-,-,-,-
어느날우리집현관으로멸망이들어왔다,2021.05.10,tvN,월화,189,"3,072",416,1,10,-,-,-,-,-,-,-,-,-,-,-,473,692,"39,576"
보쌈-운명을훔치다,2021.05.01,MBN,토일,122,539,394,320,77,"1,245","1,688",735,954,26,118,84,174,407,0.1,842,"2,299","3,939","5,490"
더로드1의비극,2021.08.04,tvN,수목,110,304,43,628,21,-,-,-,-,-,-,-,-,-,-,-,-,-,-
괴기맨숀:디오리지널,2021.07.30,SKY,금,90,261,4,589,6,13,19,6,13,-,1,3,9,1,-,-,-,-,-
이벤트를확인하세요,2021.08.14,MBC,토일,37,188,11,83,4,-,-,-,-,-,-,-,-,-,-,-,-,-,-
슬기로운의사생활2,2021.06.17,tvN,수목,"10,655","73,537","15,996","2,911",226,"2,210","4,117","1,682","2,435",373,435,507,"1,166","1,037",2.5,"7,537","22,219","44,076","118,504"
펜트하우스3,2021.06.04,SBS,금,"9,911","90,661","30,231","2,737",181,"3,348","5,543","2,299","3,245",425,522,609,"1,107","1,481",1,"1,425","4,957","14,509","60,834"
홍천기,2021.08.30,SBS,월화,"4,469","20,335","1,381","2,898",124,"1,424","2,187",959,"1,229",111,141,204,472,731,0.4,337,"1,092","1,207",223
경찰수업,2021.08.09,KBS2,월화,"3,219","12,193","1,915","4,313",265,"1,315","2,057",905,"1,152",130,171,150,426,593,0.5,"3,326","8,636","4,550","11,564"
갯마을차차차,2021.08.28,tvN,토일,"3,154","20,777","1,864","2,255",136,"1,269","2,204",979,"1,225",160,191,270,507,664,0.8,639,692,"3,684","2,789"
너는나의봄,2021.07.05,tvN,월화,"3,111","16,145","3,795","3,142",355,392,583,230,353,25,37,65,180,150,1.5,"3,942","9,130","11,747","25,324"
악마판사,2021.07.03,tvN,토일,"2,418","15,421","9,537","2,281",362,"1,185","1,997",869,"1,128",103,155,241,478,546,0.7,"2,386","7,299","21,786","62,382"
오케이광자매,2021.03.13,KBS2,토일,"1,921","10,188","6,366","1,524",263,"5,036","7,312","3,139","4,174",301,460,512,967,"1,704",0.6,48,"6,494","12,794","9,472"
결혼작사이혼작곡시즌2,2021.06.12,TVCHOS,토일,"1,335","6,521","2,487","1,468",63,"1,872","2,710","1,037","1,673",97,184,199,322,663,0.4,993,"12,996","3,788","19,215"
알고있지만,2021.06.19,JTBC,토일,"1,239","24,626","5,916","2,292",170,256,387,148,240,36,53,68,103,64,0.3,-,291,"2,157","22,064"
더로드1의비극,2021.08.04,tvN,수목,"1,195","2,190","1,005","2,876",375,435,657,282,375,28,48,48,179,210,0.3,931,702,"3,074","6,654"
라켓소년단,2021.05.31,SBS,월화,"1,041","5,949",737,"1,136",49,868,"1,546",728,817,156,109,188,425,353,0.2,-,"1,846",536,"6,396"
미치지않고서야,2021.06.23,MBC,수목,728,"2,503",742,"1,387",185,762,"1,101",522,579,41,67,126,189,275,0.4,665,"5,700","1,668","3,738"
인간실격,2021.09.04,JTBC,토일,676,"5,188",275,"1,003",12,-,-,-,-,-,-,-,-,-,-,-,-,-,-
이벤트를확인하세요,2021.08.14,MBC,토일,397,"1,686",131,691,145,256,368,158,209,20,21,47,86,88,0,-,-,-,25
월간집,2021.06.16,JTBC,수목,387,"2,422",826,599,84,457,723,298,425,43,44,40,146,223,0.1,-,"1,268",349,"9,437"
하이클래스,2021.09.06,tvN,월화,190,408,63,542,7,-,-,-,-,-,-,-,-,-,-,-,-,-,-
원더우먼,2021.09.17,SBS,금,159,389,47,384,17,-,-,-,-,-,-,-,-,-,-,-,-,-,-
검은태양,2021.09.17,MBC,금,147,340,15,224,7,-,-,-,-,-,-,-,-,-,-,-,14,-,75
보이스4,2021.06.18,tvN,금,139,237,6,266,7,-,-,-,-,-,-,-,-,-,-,-,57,621,"6,737"
괴기맨숀:디오리지널,2021.07.30,SKY,금,111,174,7,46,5,17,20,5,15,-,2,12,4,2,-,-,-,-,-
유미의세포들,2021.09.17,tvN,금,33,152,0,183,0,-,-,-,-,-,-,-,-,-,-,-,-,-,-
달리와감자탕,2021.09.22,KBS2,수목,28,42,1,140,0,-,-,-,-,-,-,-,-,-,-,-,-,-,-
신사와아가씨,2021.09.25,KBS2,토일,11,10,0,79,1,-,-,-,-,-,-,-,-,-,-,-,-,-,-
홈타운,2021.09.22,tvN,수목,10,36,2,62,2,-,-,-,-,-,-,-,-,-,-,-,-,-,-
갯마을차차차,2021.08.28,tvN,토일,"17,801","127,581","17,935","3,506",548,"1,625","2,830","1,211","1,619",197,240,337,692,794,4.2,"4,665","16,691","28,422","83,444"
슬기로운의사생활2,2021.06.17,tvN,수목,"9,525","62,833","11,083","2,353",116,"2,482","4,371","1,818","2,553",295,457,622,"1,172","1,103",1.9,"8,128","30,358","23,006","70,946"
펜트하우스3,2021.06.04,SBS,금,"7,453","54,141","11,278","2,242",80,"3,298","5,404","2,252","3,152",343,473,630,947,"1,593",0.5,195,"2,742","8,610","23,285"
검은태양,2021.09.17,MBC,금,"6,760","30,311","5,780","3,469",154,"1,464","2,238","1,051","1,186",111,146,245,559,586,1.1,"3,130","10,189","5,664","21,009"
홍천기,2021.08.30,SBS,월화,"6,556","30,419","7,632","3,255",215,"1,600","2,419","1,072","1,347",126,145,193,621,676,0.9,814,"11,925","8,077","30,234"
원더우먼,2021.09.17,SBS,금,"4,435","18,750","8,328","3,153",178,"1,867","2,920","1,319","1,601",142,229,198,568,918,0.7,751,"2,421","9,158","27,888"
인간실격,2021.09.04,JTBC,토일,"4,198","17,501","1,265","3,463",290,324,538,235,303,20,40,61,116,153,0.2,334,883,"2,996","6,998"
유미의세포들,2021.09.17,tvN,금,"3,987","22,604","1,641","2,247",80,485,851,345,506,53,88,153,247,162,-,639,"2,416","2,529","10,592"
하이클래스,2021.09.06,tvN,월화,"3,118","6,975","6,616","2,854",427,562,875,337,537,33,60,80,205,272,0.2,983,"4,029","6,438","17,638"
오케이광자매,2021.03.13,KBS2,토일,"1,919","7,548","6,297","1,147",163,"5,222","7,623","3,244","4,378",300,438,529,"1,033","1,778",0.4,298,942,"10,404","11,513"
경찰수업,2021.08.09,KBS2,월화,"1,602","5,704","1,027","1,761",175,"1,140","1,668",720,949,72,135,120,279,487,0.3,"1,901","5,214","8,209","21,160"
홈타운,2021.09.22,tvN,수목,"1,061","2,544",354,"1,717",183,454,771,331,440,51,58,75,224,221,0.2,696,605,"1,646","1,547"
달리와감자탕,2021.09.22,KBS2,수목,"1,042","3,789",841,"2,269",126,773,"1,117",460,657,45,53,87,217,327,0.2,936,873,"3,784","3,046"
신사와아가씨,2021.09.25,KBS2,토일,"1,017","10,299",907,"2,293",84,"4,152","6,022","2,587","3,435",169,345,439,733,"1,432",0.1,742,728,"2,403","1,024"
연모,2021.10.11,KBS2,월화,410,"2,007",50,442,5,-,-,-,-,-,-,-,-,-,-,-,-,-,-
더로드1의비극,2021.08.04,tvN,수목,358,562,458,"1,102",170,354,520,222,298,20,30,24,116,220,0.2,222,505,"2,405","4,605"
지리산,2021.10.23,tvN,토일,213,630,0,400,2,-,-,-,-,-,-,-,-,-,-,-,-,-,-
너를닮은사람,2021.10.13,JTBC,수목,121,469,206,461,7,-,-,-,-,-,-,-,-,-,-,-,-,-,-
하트가빛나는순간,2021.09.28,EBS1,월화,51,483,36,189,1,41,58,31,27,-,-,3,33,6,-,-,-,-,158
이벤트를확인하세요,2021.08.14,MBC,토일,48,266,20,82,31,189,280,130,150,3,15,52,63,40,0,-,"1,055",-,50
KBS드라마스페셜2021,2021.10.22,KBS2,금,14,77,4,46,2,-,-,-,-,-,-,-,-,-,-,-,-,20,"2,037"
갯마을차차차,2021.08.28,tvN,토일,"13,504","92,146","20,126","1,428",358,"1,843","3,266","1,383","1,882",266,291,379,758,942,3.4,"6,971","26,328","25,957","111,902"
지리산,2021.10.23,tvN,토일,"9,642","44,462","2,322","3,572",231,"1,613","2,767","1,187","1,581",169,218,288,733,772,0.6,254,"1,524","4,924","6,364"
유미의세포들,2021.09.17,tvN,금,"6,908","63,702","9,647","1,604",168,403,728,271,457,56,90,117,180,176,-,450,"3,464","13,638","45,080"
연모,2021.10.11,KBS2,월화,"6,572","24,518","2,886","2,803",205,"1,267","1,748",706,"1,042",57,85,140,230,448,1.9,"1,460","10,084","5,496","42,076"
검은태양,2021.09.17,MBC,금,"6,289","23,875","6,332","2,883",226,447,643,324,320,39,15,62,163,150,2.7,"4,899","14,015","14,067","41,128"
원더우먼,2021.09.17,SBS,금,"5,562","30,944","26,799","3,430",331,"2,355","3,746","1,652","2,094",219,286,304,746,"1,117",2.3,"6,937","21,242","25,900","70,991"
홍천기,2021.08.30,SBS,월화,"4,492","28,027","10,502","3,580",302,"1,560","2,403","1,042","1,360",118,173,184,565,730,1.6,403,"6,385","9,260","26,080"
신사와아가씨,2021.09.25,KBS2,토일,"3,045","15,134","7,462","3,171",316,"4,458","6,352","2,690","3,663",249,363,413,764,"1,471",1.1,"2,240","8,784","15,704","55,912"
너를닮은사람,2021.10.13,JTBC,수목,"2,542","7,229","3,643","3,068",224,347,587,224,363,35,51,46,148,173,0.9,"1,648","2,884","2,872","13,514"
하이클래스,2021.09.06,tvN,월화,"1,748","4,583","6,820","1,232",366,728,"1,060",406,654,44,63,91,215,377,0.2,"1,878","4,873","7,840","21,448"
인간실격,2021.09.04,JTBC,토일,"1,622","9,004","1,335","1,427",271,182,296,120,176,12,32,21,63,81,0.1,527,"4,021","1,029","5,698"
달리와감자탕,2021.09.22,KBS2,수목,"1,495","8,855","2,589","1,744",221,903,"1,224",501,723,43,65,84,211,374,0.5,-,"2,560","6,159","15,847"
지금헤어지는중입니다,2021.11.12,SBS,금,924,"4,850",643,822,15,-,-,-,-,-,-,-,-,-,-,-,-,-,-
홈타운,2021.09.22,tvN,수목,861,"1,543",484,407,320,274,433,194,239,21,30,53,116,119,0.1,431,274,"1,747","4,353"
옷소매붉은끝동,2021.11.12,MBC,금,838,"3,790",90,474,10,-,-,-,-,-,-,-,-,-,-,-,-,-,-
구경이,2021.10.30,JTBC,토일,685,"2,214",246,"2,364",61,371,596,267,329,25,47,82,110,195,0.4,-,-,404,755
뫼비우스:검은태양,2021.10.29,MBC,금,447,"1,317",279,809,36,618,911,460,452,35,54,121,202,281,0.1,29,57,375,479
경찰수업,2021.08.09,KBS2,월화,433,"1,501",387,858,56,"1,139","1,565",648,917,55,119,111,207,426,0.1,261,826,"1,046","6,359"
해피니스,2021.11.05,tvN,금,380,"1,581",43,611,15,-,-,-,-,-,-,-,-,-,-,-,-,-,-
멜랑꼴리아,2021.11.10,tvN,수목,336,"1,599",33,679,8,-,-,-,-,-,-,-,-,-,-,-,-,-,-
너의밤이되어줄게,2021.11.07,SBS,토일,290,"1,029",55,454,8,-,-,-,-,-,-,-,-,-,-,-,-,-,-
KBS드라마스페셜2021,2021.10.22,KBS2,금,279,837,87,920,49,-,-,-,-,-,-,-,-,-,-,-,-,-,-
키마이라,2021.10.30,OCN,토일,244,497,32,702,81,222,322,169,153,9,26,30,79,108,0.1,-,-,-,-
어사와조이,2021.11.08,tvN,월화,171,894,133,313,16,-,-,-,-,-,-,-,-,-,-,-,-,-,-
크라임퍼즐,2021.11.01,SKY,월화,123,698,654,"1,063",21,-,-,-,-,-,-,-,-,-,-,-,-,-,-
학교2021,2021.11.24,KBS2,수목,54,192,20,249,2,-,-,-,-,-,-,-,-,-,-,-,-,-,-
하트가빛나는순간,2021.09.28,EBS1,월화,38,"6,662","1,776",38,0,-,-,-,-,-,-,-,-,-,-,17,294,136,"1,110"
IDOL,2021.11.08,JTBC,월화,35,778,37,252,6,-,-,-,-,-,-,-,-,-,-,-,-,-,-
옷소매붉은끝동,2021.11.12,MBC,금,"11,536","54,556","6,790","2,876",295,"1,206","1,830",834,997,93,122,135,350,487,1.2,441,"5,718","16,678","28,073"
지금헤어지는중입니다,2021.11.12,SBS,금,"10,216","39,892","10,665","4,424",261,"1,158","1,734",692,"1,041",104,87,199,372,413,0.8,"1,044","5,108","11,238","24,406"
지리산,2021.10.23,tvN,토일,"9,264","50,168","3,539","3,194",434,"1,314","2,292",979,"1,313",144,190,227,578,660,0.6,"3,050","8,753","9,381","17,728"
연모,2021.10.11,KBS2,월화,"7,771","41,544","11,279","3,038",273,"1,516","2,140",865,"1,275",67,131,160,298,640,1.9,"2,357","15,109","11,721","54,885"
해피니스,2021.11.05,tvN,금,"6,052","23,195","4,502","2,420",419,598,"1,090",470,621,103,103,91,295,307,0.9,"1,331","5,546","6,254","20,280"
신사와아가씨,2021.09.25,KBS2,토일,"3,962","25,895","12,913","2,883",267,"5,045","7,302","3,081","4,221",327,433,458,915,"1,636",1.1,"1,201","6,162","14,454","44,032"
멜랑꼴리아,2021.11.10,tvN,수목,"3,300","8,475","2,882","2,492",268,374,620,293,327,47,31,65,161,167,0.1,"1,120",557,"3,977","27,589"
너를닮은사람,2021.10.13,JTBC,수목,"2,870","11,400","6,269","2,015",289,317,475,177,298,16,40,38,88,153,1.4,454,"1,433","4,530","23,467"
구경이,2021.10.30,JTBC,토일,"2,323","7,916",495,"2,360",197,297,482,212,269,30,41,41,138,110,0.5,"2,264","11,052","4,518","22,155"
어사와조이,2021.11.08,tvN,월화,"2,260","8,337","2,691","2,743",410,637,965,438,526,51,68,79,213,307,0.8,"3,710","29,145","6,473","24,921"
너의밤이되어줄게,2021.11.07,SBS,토일,"1,636","9,213",287,"1,748",101,409,611,307,304,30,56,70,99,150,0.1,534,291,456,"1,024"
태종이방원,2021.12.11,KBS1,토일,"1,211","3,471",8,610,3,-,-,-,-,-,-,-,-,-,-,-,-,-,-
원더우먼,2021.09.17,SBS,금,"1,134","6,961","5,254",815,73,"2,922","4,699","2,083","2,616",291,325,353,"1,033","1,415",0.4,"2,710","17,016","6,014","18,563"
학교2021,2021.11.24,KBS2,수목,941,"4,678",308,"2,326",82,502,718,314,404,38,29,45,185,175,0,-,10,99,157
설강화:SNOWDROP,2021.12.18,JTBC,토일,871,"3,300",177,241,5,-,-,-,-,-,-,-,-,-,-,-,-,-,-
달리와감자탕,2021.09.22,KBS2,수목,718,"3,771","1,401","1,047",110,879,"1,167",490,677,40,59,67,187,350,0.3,-,"6,257","1,464","11,666"
키마이라,2021.10.30,OCN,토일,673,"1,146",129,904,266,244,348,174,174,15,29,35,65,131,0.3,-,-,-,-
IDOL,2021.11.08,JTBC,월화,664,"4,017",562,"1,585",340,101,165,69,96,19,18,12,30,42,0.1,503,"3,403",601,"2,417"
그해우리는,2021.12.06,SBS,월화,589,"2,298",459,814,28,-,-,-,-,-,-,-,-,-,-,-,-,-,-
크라임퍼즐,2021.11.01,SKY,월화,571,"1,331",488,775,26,66,101,39,62,7,5,16,30,24,-,-,-,-,-
쇼윈도:여왕의집,2021.11.29,채널A,월화,543,"1,326",177,"1,816",65,240,339,127,212,8,21,37,45,114,0,259,252,114,53
KBS드라마스페셜2021,2021.10.22,KBS2,금,348,"2,845",116,749,109,221,289,113,177,11,17,25,62,70,-,9,94,238,91
하이클래스,2021.09.06,tvN,월화,336,652,575,501,54,860,"1,196",455,741,31,67,111,244,428,0,-,22,882,"3,476"
불가살,2021.12.18,tvN,토일,320,437,35,230,7,-,-,-,-,-,-,-,-,-,-,-,-,-,-
공작도시,2021.12.08,JTBC,수목,193,481,97,446,7,-,-,-,-,-,-,-,-,-,-,-,-,-,-
배드앤크레이지,2021.12.17,tvN,금,120,277,4,452,4,-,-,-,-,-,-,-,-,-,-,-,-,-,-
스폰서,방송예정,iHQ,월화,94,216,1,719,4,-,-,-,-,-,-,-,-,-,-,-,-,-,-
엉클,2021.12.11,TVCHOS,토일,90,121,0,263,2,-,-,-,-,-,-,-,-,-,-,-,-,-,-
하트가빛나는순간,2021.09.28,EBS1,월화,30,"6,203","1,760",10,0,12,18,7,11,1,1,3,5,2,-,-,-,261,767
꽃피면달생각하고,2021.12.20,KBS2,월화,24,66,6,80,1,-,-,-,-,-,-,-,-,-,-,-,-,-,-
한사람만,2021.12.20,JTBC,월화,23,47,13,84,2,-,-,-,-,-,-,-,-,-,-,-,-,-,-
옷소매붉은끝동,2021.11.12,MBC,금,"21,753","157,689","30,987","6,313",466,"1,887","2,810","1,250","1,561",141,205,215,507,772,-,"3,592","12,731","30,067","55,731"
설강화:SNOWDROP,2021.12.18,JTBC,토일,"18,159","179,483","6,319","5,766",210,431,672,310,362,11,74,40,133,237,-,"1,724","4,132","2,733","5,907"
그해우리는,2021.12.06,SBS,월화,"7,989","49,411","12,759","3,595",260,702,"1,116",484,632,78,79,151,317,263,-,"1,494","13,993","4,427","51,124"
태종이방원,2021.12.11,KBS1,토일,"6,735","22,364",834,"2,653",195,"1,576","2,134","1,129","1,005",113,101,149,272,452,-,487,"3,347","1,279","7,899"
불가살,2021.12.18,tvN,토일,"6,075","18,046","3,019","2,160",229,932,"1,539",681,857,94,126,212,357,440,-,"2,360","2,714","4,680","15,786"
해피니스,2021.11.05,tvN,금,"4,547","25,409","3,611",747,203,630,"1,155",480,675,108,93,118,296,315,-,"1,502","1,118","5,627","23,662"
지금헤어지는중입니다,2021.11.12,SBS,금,"4,450","19,867","7,361","2,958",268,923,"1,393",573,821,62,65,181,276,316,-,324,"3,140","7,228","15,783"
신사와아가씨,2021.09.25,KBS2,토일,"4,021","34,251","16,439","1,612",261,"5,139","7,303","3,117","4,186",276,465,468,899,"1,750",-,"3,132","6,310","20,397","35,713"
연모,2021.10.11,KBS2,월화,"3,525","21,021","4,578","1,774",111,"1,722","2,428",998,"1,430",102,155,178,308,701,-,"1,679","5,813","4,059","24,858"
엉클,2021.12.11,TVCHOS,토일,"2,812","6,898",289,"1,464",149,613,957,415,542,23,81,60,90,268,-,609,"2,797","1,660","4,085"
지리산,2021.10.23,tvN,토일,"2,662","8,524","1,583",957,171,"1,234","2,048",861,"1,186",105,189,181,478,650,-,"4,174","18,903","5,586","11,966"
쇼윈도:여왕의집,2021.11.29,채널A,월화,"2,485","7,366","3,941","2,361",270,695,957,370,587,24,53,77,110,285,-,"5,132","8,782","3,985","10,955"
멜랑꼴리아,2021.11.10,tvN,수목,"2,069","9,384","8,407","2,161",419,313,498,216,282,25,20,58,149,113,-,"1,186","2,318","3,055","37,750"
공작도시,2021.12.08,JTBC,수목,"2,010","5,310","4,515","2,431",273,451,697,322,375,27,59,34,117,252,-,"2,583","5,754","7,283","15,846"
꽃피면달생각하고,2021.12.20,KBS2,월화,"1,860","6,591",836,"2,876",151,"1,367","1,868",821,"1,047",53,126,121,289,509,-,662,"2,312","2,710","7,654"
배드앤크레이지,2021.12.17,tvN,금,"1,758","6,502","1,890","2,217",258,548,914,395,520,77,61,93,248,284,-,"1,017","1,820","4,547","10,152"
어사와조이,2021.11.08,tvN,월화,"1,082","5,096","3,067","2,085",368,540,770,346,424,23,56,75,163,241,-,"5,446","26,773","8,453","23,202"
너의밤이되어줄게,2021.11.07,SBS,토일,901,"3,662",152,900,55,371,571,276,295,27,57,69,94,156,-,-,40,55,"1,929"
학교2021,2021.11.24,KBS2,수목,829,"5,860",556,"2,070",243,339,465,216,249,21,24,41,78,103,-,151,"3,762",706,"1,893"
너를닮은사람,2021.10.13,JTBC,수목,687,"2,726","1,819",558,67,295,435,159,276,7,33,56,99,122,-,403,565,"1,573","8,573"
한사람만,2021.12.20,JTBC,월화,613,"2,362",370,"1,999",179,235,349,162,187,15,32,24,80,109,-,775,748,331,"1,319"
구경이,2021.10.30,JTBC,토일,561,"2,610",143,783,103,260,411,157,253,25,33,32,137,73,-,625,"7,014",296,"9,957"
키마이라,2021.10.30,OCN,토일,413,689,71,354,186,295,430,188,241,15,39,16,74,191,-,-,-,-,-
KBS드라마스페셜2021,2021.10.22,KBS2,금,368,"1,763",137,"1,055",120,215,303,134,168,13,17,27,46,90,-,-,32,171,-
IDOL,2021.11.08,JTBC,월화,303,"2,141",329,751,171,142,281,131,150,34,32,29,36,70,-,800,"2,589",273,"3,096"
고스트닥터,2022.01.03,tvN,월화,284,"1,271",249,908,33,-,-,-,-,-,-,-,-,-,-,-,-,-,-
트레이서,2022.01.07,MBC,금,202,558,10,445,7,-,-,-,-,-,-,-,-,-,-,-,-,-,-
악의마음을읽는자들,2022.01.14,SBS,금,179,705,55,492,10,-,-,-,-,-,-,-,-,-,-,-,-,-,-
크라임퍼즐,2021.11.01,SKY,월화,46,78,5,57,0,-,-,-,-,-,-,-,-,-,-,-,-,-,-
하트가빛나는순간,2021.09.28,EBS1,월화,27,"3,210",920,32,0,19,40,23,17,5,1,6,9,6,-,-,-,38,175
마녀식당으로오세요,2022.01.05,tvN,수목,12,11,0,2,0,-,-,-,-,-,-,-,-,-,-,-,-,-,-
