프로그램명,방송시작일,채널,요일,게시글수,댓글수,동영상조회(K),뉴스,동영상수,가구시청률(%),개인시청률(%),남성시청률(%),여성시청률(%),10대시청률(%),20대시청률(%),30대시청률(%),40대시청률(%),50대시청률(%),TVVOD시청자수(K),PC실시간(K),PCVOD(K),Mobile실시간(K),MobileVOD(K)
스토브리그,2019.12.13,SBS,금,"42,064","150,748","14,407","5,394",271,12.7,6.5,5.9,7.2,3.2,3.4,4.5,10.7,11.9,434,291,386,"1,033","1,319"
사랑의불시착,2019.12.14,tvN,토일,"38,239","249,171","41,477","5,955",379,11.5,6.4,5,7.8,5.3,3.3,5.1,12.1,9.3,575,676,602,"3,208","2,647"
낭만닥터김사부2,2020.01.06,SBS,월화,"14,613","73,565","11,054","7,492",331,15.1,7.5,6.5,8.5,4.4,3,4,11.6,12.7,791,301,497,920,"1,391"
블랙독,2019.12.16,tvN,월화,"5,876","23,347","5,628","2,662",384,4.5,2,1.3,2.7,1,0.9,1.4,3.8,3.6,243,374,289,967,"1,001"
간택-여인들의전쟁,2019.12.14,TVCHOS,토일,"2,957","9,929","2,151","2,009",161,3.7,1.6,1.4,1.8,0.3,0.7,0.5,1.4,2.5,79,86,100,290,354
검사내전,2019.12.16,JTBC,월화,"2,841","8,236","1,362","2,055",311,3.4,1.5,1.3,1.8,0.4,0.8,0.8,2.3,3.1,247,146,202,333,489
사랑은뷰티풀인생은원더풀,2019.09.28,KBS2,토일,"2,380","11,709","3,190","1,123",241,24.5,11.1,8.4,13.8,2.4,4.1,4.5,8.2,15.4,189,86,158,587,435
이태원클라쓰,2020.01.31,JTBC,금,"2,292","9,549",615,"2,912",104,0.6,0.2,0.2,0.3,0,0.1,0.1,0.2,0.4,212,-,-,8,-
99억의여자,2019.12.04,KBS2,수목,"1,567","7,483","1,118","3,527",203,8.7,3.7,2.7,4.8,0.9,1.6,1.2,4.2,7.5,378,87,93,262,315
머니게임,2020.01.15,tvN,수목,"1,360","4,154",827,"3,282",307,2,1,0.8,1.2,0.5,0.4,0.6,1.8,1.7,96,93,73,323,367
싸이코패스다이어리,2019.11.20,tvN,수목,"1,299","4,494",891,727,177,2.4,1.3,0.9,1.7,1.1,0.6,1.1,2.5,1.9,102,44,64,387,373
초콜릿,2019.11.29,JTBC,금,"1,231","11,903","2,291","1,668",159,4,1.8,1.2,2.4,0.9,0.5,0.8,3,3.3,141,114,185,276,306
더게임0시를향하여,2020.01.22,MBC,수목,"1,111","4,950",336,"3,157",334,3.5,1.7,1.4,2.1,0.8,0.5,0.9,3.1,2.5,77,47,43,77,85
터치,2020.01.03,채널A,금,973,"5,661","2,357","2,846",364,0.8,0.4,0.3,0.5,0.2,0.2,0.2,0.6,0.7,46,14,60,409,584
포레스트,2020.01.29,KBS2,수목,897,"5,486",310,"2,686",109,6,2.6,1.9,3.4,0.7,1.2,1,3.9,5,40,39,15,48,40
하자있는인간들,2019.11.27,MBC,수목,540,"5,685",607,"1,486",311,2.5,1.1,0.8,1.4,0.5,0.3,0.4,1.8,1.6,38,33,82,111,112
두번은없다,2019.11.02,MBC,토일,424,"1,409",303,444,155,9.4,4,2.9,5,0.3,1.5,1.2,2.4,6.1,168,14,13,135,143
본대로말하라,2020.02.01,OCN,토일,311,"1,914",123,"1,161",57,0,0,0,0,0,0,0,0,0,-,-,-,-,-
드라마스테이지2020,2019.11.23,tvN,수목,222,388,104,383,190,0.8,0.3,0.2,0.5,0.1,0.1,0.3,0.5,0.6,91,40,36,71,58
엑스엑스(XX),2020.01.24,MBC,금,191,"6,749","3,084","1,600",86,1.6,0.7,0.6,0.9,0.5,0.5,0.4,1.1,1.2,4,-,36,15,151
하이에나,2020.02.21,SBS,금,92,336,42,128,4,0,0,0,0,0,0,0,0,0,-,-,-,-,-
방법,2020.02.10,tvN,월화,87,306,18,382,13,0,0,0,0,0,0,0,0,0,-,-,-,-,-
하이바이마마,2020.02.22,tvN,토일,49,131,11,132,2,0,0,0,0,0,0,0,0,0,-,-,-,-,-
루왁인간,2019.12.30,JTBC,월화,41,85,1,46,2,0,0,0,0,0,0,0,0,0,-,13,13,-,25
사랑의불시착,2019.12.14,tvN,토일,"44,016","265,753","47,398","5,543",518,16.6,10.1,7.9,12.2,9.7,5.5,8.3,18,13.8,811,"5,182","4,228","19,108","15,179"
이태원클라쓰,2020.01.31,JTBC,금,"42,655","173,119","21,847","6,687",408,10.8,5.9,4.8,6.9,5.6,3.2,4.9,10.5,8.9,752,"1,314","2,256","5,406","7,956"
스토브리그,2019.12.13,SBS,금,"25,807","99,768","9,093","4,423",238,13.8,7.4,6.9,8,4.9,4,5.7,12,12.9,737,"1,452","1,918","4,479","5,226"
낭만닥터김사부2,2020.01.06,SBS,월화,"23,187","131,337","22,659","5,681",311,19.6,9.8,7.8,11.8,7,3.9,4.9,14.5,16.7,646,"1,075","2,673","3,313","7,279"
하이에나,2020.02.21,SBS,금,"3,661","20,233","2,374","3,189",149,8.3,4.2,3.5,4.9,2,2.1,2.3,6.7,8,346,376,378,"1,294","1,326"
하이바이마마,2020.02.22,tvN,토일,"3,401","27,077","7,295","2,573",200,5.7,3.3,2.6,4.1,2.5,1.6,3,5.9,4.8,237,515,420,"3,265","2,314"
방법,2020.02.10,tvN,월화,"2,458","8,199","1,274","2,686",266,3.1,1.5,1,1.9,0.9,0.6,1.2,3.1,2.2,225,791,465,"1,859","1,423"
사랑은뷰티풀인생은원더풀,2019.09.28,KBS2,토일,"2,408","15,910","4,367","1,065",299,26.6,12.3,9.3,15.3,2.8,4.3,5.3,8.8,17.8,78,334,471,"2,433","2,581"
본대로말하라,2020.02.01,OCN,토일,"1,937","7,048",946,"1,437",404,2.6,1.4,1.2,1.7,0.8,0.6,1.8,2.9,1.8,187,-,-,-,-
머니게임,2020.01.15,tvN,수목,"1,893","12,432","2,455","1,678",338,1.8,0.9,0.7,1,0.5,0.2,0.7,1.5,1.5,58,138,279,838,"1,342"
간택-여인들의전쟁,2019.12.14,TVCHOS,토일,"1,728","5,336","1,991",527,80,4.8,2.2,1.9,2.5,0.4,0.9,1.2,1.5,3.3,107,232,416,"1,075","1,585"
날씨가좋으면찾아가겠어요,2020.02.24,JTBC,월화,"1,655","11,172","1,192","1,608",125,1.7,0.7,0.4,1,0.3,0.3,0.3,1.2,1.4,67,93,140,138,135
블랙독,2019.12.16,tvN,월화,"1,402","5,763","1,316","1,020",97,4.3,1.9,1.3,2.5,0.7,0.7,1.7,3.9,3.3,22,424,425,"1,022","1,120"
검사내전,2019.12.16,JTBC,월화,"1,353","5,378","1,125","1,120",137,3.6,1.6,1.4,1.8,0.5,0.6,0.9,2.2,3.4,135,141,470,505,"1,650"
포레스트,2020.01.29,KBS2,수목,"1,205","8,078","1,464","3,241",219,5.6,2.6,1.9,3.3,1,1.1,0.8,3.9,4.1,111,331,518,974,"1,007"
더게임0시를향하여,2020.01.22,MBC,수목,"1,036","3,919",598,"2,295",452,2.1,1.1,1.1,1.2,0.9,0.2,1.1,1.7,1.7,68,328,609,303,547
엑스엑스(XX),2020.01.24,MBC,금,650,"18,241","8,020",710,66,1.6,0.7,0.6,0.9,0.5,0.5,0.5,1.2,1.3,28,234,608,535,"2,404"
안녕드라큘라,2020.02.17,JTBC,월화,540,"3,714",208,"1,195",68,1,0.4,0.2,0.6,0.1,0.1,0.2,0.6,0.7,51,-,187,34,67
터치,2020.01.03,채널A,금,539,"2,732",973,"1,108",257,0.7,0.3,0.3,0.4,0.2,0.2,0.1,0.3,0.6,36,284,518,294,731
두번은없다,2019.11.02,MBC,토일,443,"2,573",586,600,270,10.4,4.5,3.3,5.7,0.5,1.4,1.8,2.5,7,106,47,91,515,700
아무도모른다,2020.03.02,SBS,월화,299,838,50,"1,157",19,0,0,0,0,0,0,0,0,0,-,708,"2,254",696,"2,663"
슬기로운의사생활,2020.03.12,tvN,수목,260,"1,707",90,529,4,0,0,0,0,0,0,0,0,0,-,-,-,-,-
메모리스트,2020.03.11,tvN,수목,177,"1,167",86,513,22,0,0,0,0,0,0,0,0,0,-,-,-,-,-
유별나!문셰프,2020.03.27,채널A,금,85,266,9,410,8,0,0,0,0,0,0,0,0,0,-,-,-,-,-
그남자의기억법,2020.03.18,MBC,수목,34,51,0,96,0,0,0,0,0,0,0,0,0,0,-,-,-,-,-
루갈,2020.03.28,OCN,토일,25,49,0,0,0,0,0,0,0,0,0,0,0,0,-,-,-,-,-
드라마스테이지2020,2019.11.23,tvN,수목,1,8,0,0,0,0,0,0,0,0,0,0,0,0,-,-,-,-,33
이태원클라쓰,2020.01.31,JTBC,금,"39,653","257,802","34,666","7,257",459,13.7,8.9,7.6,10.1,9.1,6,6.5,14.5,13.6,921,"2,255","3,761","5,738","9,234"
하이바이마마,2020.02.22,tvN,토일,"17,308","98,417","21,302","3,918",384,6.3,4.3,3.6,5.1,4.1,3.4,3.8,6.7,6.4,352,"1,596","1,641","6,509","6,046"
하이에나,2020.02.21,SBS,금,"10,975","56,829","6,531","4,201",292,7.7,4.7,4.2,5.2,2.6,2.5,3.5,7.4,7.1,416,610,"1,263","2,756","3,653"
슬기로운의사생활,2020.03.12,tvN,수목,"10,465","67,161","8,336","5,318",175,7.9,5.2,4.1,6.2,4.2,3.3,5,9.9,6.8,470,"1,870","1,450","6,189","4,693"
부부의세계,2020.03.27,JTBC,금,"5,649","44,988","6,057","3,157",98,5.8,3.6,2.9,4.3,1.1,2.3,2.6,5.6,5.6,163,278,278,"2,894","2,301"
날씨가좋으면찾아가겠어요,2020.02.24,JTBC,월화,"4,835","37,135","5,336","2,421",284,2,1.1,0.9,1.4,0.6,0.7,1,2.1,1.7,173,281,470,874,"1,455"
반의반,2020.03.23,tvN,월화,"3,443","14,696","1,226","3,602",234,1.9,1.2,1,1.4,0.9,0.8,0.9,2,1.8,71,182,92,436,268
그남자의기억법,2020.03.18,MBC,수목,"2,978","13,630","1,504","3,581",314,1.8,1.1,1.1,1,0.5,0.7,0.9,1.1,1.4,82,282,328,605,648
메모리스트,2020.03.11,tvN,수목,"2,773","10,047","1,036","3,770",300,3.2,2,1.5,2.4,1.8,1.2,1.5,3.5,3.1,110,416,656,"1,494","1,075"
365운명을거스르는1년,2020.03.23,MBC,월화,"2,595","7,535",711,"2,824",248,4.5,2.5,2,3,0.9,0.9,2.6,3.5,3.3,84,187,93,570,571
사랑은뷰티풀인생은원더풀,2019.09.28,KBS2,토일,"2,460","9,221","4,660","1,216",237,26.7,14.8,11.8,17.7,5.2,6.1,8,10.5,20.2,86,469,608,"2,738","2,509"
아무도모른다,2020.03.02,SBS,월화,"2,193","8,384","1,257","4,068",318,7.5,4.4,3.6,5.1,2.4,2.3,2.6,5.4,6.8,260,138,278,956,"1,258"
방법,2020.02.10,tvN,월화,"2,150","8,025","3,756","2,465",184,5,3,2.6,3.4,2.1,1.7,3.2,5.2,4.6,183,"1,405",990,"2,811","2,067"
본대로말하라,2020.02.01,OCN,토일,"1,465","5,087","1,177",996,292,2.7,1.6,1.4,1.8,0.8,0.8,1.4,2.9,2.6,130,-,-,-,-
어서와,2020.03.25,KBS2,수목,"1,325","5,894",449,"2,383",127,2.6,1.5,1.1,1.9,0.7,0.8,1.5,1.6,2.2,64,47,93,67,247
머니게임,2020.01.15,tvN,수목,"1,170","10,736","1,234",709,78,1.7,1.1,0.8,1.3,0.6,0.5,0.9,1.6,1.9,7,-,93,134,736
루갈,2020.03.28,OCN,토일,"1,148","4,749",280,"2,130",141,3.3,1.9,1.9,1.9,1.4,0.9,1.3,3.2,3.7,239,-,-,-,-
한번다녀왔습니다,2020.03.28,KBS2,토일,948,"15,193",877,"2,739",95,23.1,12.7,10.1,15.3,5,5.4,6.4,9.5,16.6,240,140,47,846,311
포레스트,2020.01.29,KBS2,수목,652,"3,510","1,010","2,246",149,4.1,2.2,1.9,2.6,1,0.9,1.3,2.3,3.7,136,188,282,670,"1,173"
유별나!문셰프,2020.03.27,채널A,금,413,"1,534",160,"1,569",81,0.9,0.5,0.4,0.5,0.2,0.3,0.1,0.5,1.1,-,48,48,168,269
더킹영원의군주,2020.04.17,SBS,금,406,"2,537",341,299,5,0,0,0,0,0,0,0,0,0,-,-,-,-,-
더게임0시를향하여,2020.01.22,MBC,수목,393,"1,270",219,"1,231",228,3.6,2.1,1.8,2.4,1.3,0.9,1.4,2.3,2.9,84,142,805,235,469
어쩌다가족,2020.03.29,TVCHOS,토일,293,564,45,"1,409",33,1.7,0.8,0.7,1,0.4,0.2,0.4,1,1.4,-,-,-,34,67
낭만닥터김사부2,2020.01.06,SBS,월화,186,"1,440",1,7,2,0,0,0,0,0,0,0,0,0,-,517,938,34,"1,737"
계약우정,2020.04.06,KBS2,월화,183,557,22,393,12,0,0,0,0,0,0,0,0,0,-,-,-,-,-
두번은없다,2019.11.02,MBC,토일,136,746,153,237,55,11,6,4.5,7.5,2.2,2.4,3.2,4,9.7,6,-,48,235,633
화양연화삶이꽃이되는순간,2020.04.25,tvN,토일,79,"1,100",53,471,12,0,0,0,0,0,0,0,0,0,-,-,-,-,-
본어게인,2020.04.20,KBS2,월화,24,102,13,110,1,0,0,0,0,0,0,0,0,0,-,-,-,-,-
부부의세계,2020.03.27,JTBC,금,"63,617","475,364","63,551","10,699",486,13.8,8.6,6.9,10.3,4.1,6.5,8.3,11.4,14.2,729,"2,159","2,628","11,084","12,668"
더킹영원의군주,2020.04.17,SBS,금,"39,864","149,447","4,862","5,703",198,8.6,5.4,4.6,6.2,3.7,3,5.3,8.4,7.9,374,561,980,"2,129","2,359"
슬기로운의사생활,2020.03.12,tvN,수목,"29,388","150,572","22,169","5,020",288,10.6,7,5.8,8.2,5.1,5,7.5,12.9,9.3,450,"3,611","3,470","11,375","10,346"
하이바이마마,2020.02.22,tvN,토일,"20,209","69,418","9,523","1,471",223,4.9,3.3,2.8,3.8,2.7,2.8,3.5,5.3,4.9,219,794,750,"3,913","3,557"
그남자의기억법,2020.03.18,MBC,수목,"13,898","92,572","6,061","3,276",591,3.5,2,1.6,2.4,1.2,1.1,1.9,2.1,2.8,145,423,467,"1,425","1,872"
365운명을거스르는1년,2020.03.23,MBC,월화,"7,369","35,458","1,548","2,799",466,4.3,2.6,2.1,3,1.1,1.3,2.1,3.7,3.3,105,420,518,"1,181","1,584"
하이에나,2020.02.21,SBS,금,"7,175","35,009","3,482","1,848",130,8.9,5.3,4.7,5.9,2.9,2.7,3.8,7.5,8.1,247,562,"1,127","1,721","1,994"
날씨가좋으면찾아가겠어요,2020.02.24,JTBC,월화,"4,701","34,687","4,551","1,607",235,2,1.2,0.9,1.5,0.6,0.6,1.1,2,2.1,63,235,563,738,"1,778"
반의반,2020.03.23,tvN,월화,"4,530","22,677","2,113","2,680",356,1.3,0.8,0.7,0.9,0.7,0.6,0.5,1.4,1.2,71,475,426,638,"1,010"
메모리스트,2020.03.11,tvN,수목,"3,912","12,709","1,352","2,722",425,2.7,1.6,1.3,2,1.3,0.8,1.2,3.2,2.5,134,654,802,"1,786","1,724"
한번다녀왔습니다,2020.03.28,KBS2,토일,"2,217","19,895","2,895","3,623",295,24.5,13.5,11.1,16,5.6,5.8,6.8,10.5,18.5,203,796,"1,031","3,452","3,669"
본어게인,2020.04.20,KBS2,월화,"2,188","5,930",481,"2,592",129,3.1,1.9,1.7,2.1,1,0.9,1.7,2.2,3,34,139,277,537,601
루갈,2020.03.28,OCN,토일,"1,880","7,202","1,418","1,482",372,2.3,1.4,1.4,1.4,0.9,0.9,0.9,2.1,2.5,215,-,-,-,-
아무도모른다,2020.03.02,SBS,월화,"1,693","6,004",886,"2,689",184,8.2,4.8,4,5.6,2.5,2.7,3,6.3,7.5,173,138,375,609,"1,013"
어서와,2020.03.25,KBS2,수목,"1,590","20,230",975,"2,431",452,1.9,1.1,0.9,1.3,0.7,0.6,1,1.4,1.3,102,140,469,557,"1,919"
굿캐스팅,2020.04.27,SBS,월화,"1,572","6,254",906,"2,618",111,9.3,5.8,5.1,6.5,3.2,3.3,4.2,9.1,9.1,198,279,233,980,644
계약우정,2020.04.06,KBS2,월화,"1,403","3,963",206,"2,052",116,2.2,1.3,1.2,1.5,0.6,0.9,1.1,1.8,2.2,72,93,280,301,460
화양연화삶이꽃이되는순간,2020.04.25,tvN,토일,"1,268","7,555","1,606","2,524",131,4.1,2.4,2.2,2.7,1,1.2,2.4,3.7,3.9,41,325,234,909,574
유별나!문셰프,2020.03.27,채널A,금,510,"1,542",252,"1,213",302,0.6,0.4,0.4,0.4,0.2,0.3,0.2,0.4,0.7,33,282,332,738,"1,039"
영혼수선공,2020.05.06,KBS2,수목,311,"1,111",39,829,11,0,0,0,0,0,0,0,0,0,-,-,-,-,-
오마이베이비,2020.05.13,tvN,수목,307,"1,299",69,356,12,0,0,0,0,0,0,0,0,0,-,-,-,-,-
저녁같이드실래요,2020.05.25,MBC,월화,125,511,11,246,2,0,0,0,0,0,0,0,0,0,-,-,-,-,-
어쩌다가족,2020.03.29,TVCHOS,토일,118,616,26,638,21,0.9,0.4,0.4,0.5,0.2,0.1,0.1,0.3,0.8,-,-,95,67,213
쌍갑포차,2020.05.20,JTBC,수목,81,544,47,132,8,0,0,0,0,0,0,0,0,0,-,-,-,-,-
외출,2020.05.04,tvN,월화,54,77,8,200,8,0,0,0,0,0,0,0,0,0,-,-,-,-,-
번외수사,2020.05.23,OCN,토일,16,27,0,84,0,0,0,0,0,0,0,0,0,0,-,-,-,-,-
더킹영원의군주,2020.04.17,SBS,금,"53,177","230,527","7,876","5,045",288,6.9,4.3,3.7,5,3.2,2.3,4.1,6.2,6.2,480,188,270,902,"1,225"
부부의세계,2020.03.27,JTBC,금,"44,505","268,018","38,471","7,344",327,18.9,12,9.8,14.3,5.2,9.2,11.4,15.6,19,163,410,517,"2,690","2,607"
슬기로운의사생활,2020.03.12,tvN,수목,"22,702","138,618","19,519","7,364",345,11.8,8.1,6.8,9.4,7,5.9,8.6,14.7,10.7,470,"1,302","1,114","3,713","3,768"
그남자의기억법,2020.03.18,MBC,수목,"8,506","62,417","2,930","1,592",183,3.3,1.9,1.5,2.3,1,1.2,1.9,2.3,2.7,82,82,94,228,333
꼰대인턴,2020.05.20,MBC,수목,"3,856","34,167","1,165","7,207",237,2.5,1.6,1.6,1.6,1.8,0.9,1.8,2.5,1.8,191,94,106,344,392
오마이베이비,2020.05.13,tvN,수목,"3,416","10,980","1,620","2,837",287,2.2,1.4,1.1,1.6,1,0.9,1.6,2.4,1.7,60,188,329,462,507
한번다녀왔습니다,2020.03.28,KBS2,토일,"3,081","32,166","10,209","3,701",414,24.9,13.8,11.4,16.2,5.4,6.3,7.7,11.2,18.8,240,152,201,"1,276","1,019"
쌍갑포차,2020.05.20,JTBC,수목,"2,945","17,545","1,038","2,985",160,2.5,1.5,1.4,1.7,0.7,0.8,1.7,2.7,2.1,327,84,107,312,411
본어게인,2020.04.20,KBS2,월화,"2,494","14,081","2,138","2,140",204,2.3,1.3,0.9,1.6,0.5,0.7,0.9,1.3,2,86,12,47,184,386
화양연화삶이꽃이되는순간,2020.04.25,tvN,토일,"2,371","15,853","5,856","3,134",396,3.3,2,1.7,2.4,0.8,1.1,1.7,2.7,3,141,140,152,618,469
굿캐스팅,2020.04.27,SBS,월화,"1,856","7,173","2,529","3,378",278,8.4,5.2,4.7,5.8,2.9,2.8,4,7.6,8.3,217,71,177,455,940
영혼수선공,2020.05.06,KBS2,수목,"1,779","11,368","1,285","4,050",221,2.8,1.6,1.4,1.9,0.7,0.8,1,2.1,2.4,189,94,166,260,438
저녁같이드실래요,2020.05.25,MBC,월화,964,"4,361","1,025","2,735",161,2.4,1.4,1.2,1.6,0.7,0.9,1.8,1.8,1.9,58,-,35,101,101
루갈,2020.03.28,OCN,토일,912,"3,596",486,761,279,1.9,1.1,1.1,1.1,0.7,0.5,0.5,1.5,2.3,239,-,-,-,-
야식남녀,2020.05.25,JTBC,월화,905,"2,498",238,"2,217",84,1.1,0.6,0.5,0.7,0,0.4,0.4,1,1.1,9,36,36,51,42
번외수사,2020.05.23,OCN,토일,766,"3,163","1,301","2,126",220,2.3,1.5,1.4,1.5,0.6,0.7,1.3,3,2.3,241,24,59,33,301
바람과구름과비,2020.05.17,TVCHOS,토일,709,"2,317",184,"1,818",93,2.6,1.4,1.4,1.5,0.3,0.8,0.5,0.9,3.3,140,47,59,101,156
사이코지만괜찮아,2020.06.20,tvN,토일,498,"3,340",156,484,9,0,0,0,0,0,0,0,0,0,-,-,-,-,-
외출,2020.05.04,tvN,월화,433,"1,084",697,673,73,2.6,1.5,1.3,1.8,0.8,0.8,1,2,2.5,24,35,35,134,84
365운명을거스르는1년,2020.03.23,MBC,월화,270,"1,878",13,0,4,0,0,0,0,0,0,0,0,0,-,-,35,17,17
유별나!문셰프,2020.03.27,채널A,금,245,666,307,819,215,0.7,0.4,0.4,0.4,0.1,0.3,0.3,0.3,0.7,-,48,59,67,160
편의점샛별이,2020.06.19,SBS,금,242,"1,230",52,519,5,0,0,0,0,0,0,0,0,0,-,-,-,-,-
메모리스트,2020.03.11,tvN,수목,151,875,31,275,2,0,0,0,0,0,0,0,0,0,-,-,35,84,119
어서와,2020.03.25,KBS2,수목,94,470,13,85,2,0,0,0,0,0,0,0,0,0,-,-,71,17,39
아는건별로없지만가족입니다,2020.06.01,tvN,월화,91,240,62,894,23,0,0,0,0,0,0,0,0,0,-,-,-,-,-
반의반,2020.03.23,tvN,월화,64,313,14,3,0,0,0,0,0,0,0,0,0,0,-,12,12,-,34
행복의진수,2020.05.18,JTBC,월화,43,102,23,80,48,1.1,0.6,0.5,0.6,0.1,0.3,0.7,1.1,1,8,-,35,-,54
어쩌다가족,2020.03.29,TVCHOS,토일,33,37,2,97,0,0,0,0,0,0,0,0,0,0,-,-,-,-,-
더킹영원의군주,2020.04.17,SBS,금,"17,156","81,157","2,728","1,869",107,6.2,3.9,3.3,4.5,2.6,1.9,3.8,5.4,5.8,215,233,515,"1,229","2,472"
사이코지만괜찮아,2020.06.20,tvN,토일,"16,138","77,534","8,181","4,987",295,4.9,3.1,2.5,3.8,2.5,2.4,2.5,5.2,4.2,419,940,"1,129","5,986","6,801"
한번다녀왔습니다,2020.03.28,KBS2,토일,"8,382","96,408","16,836","3,690",334,25.8,14.5,11.9,17.1,5.8,6.4,8.5,12.2,20,305,984,"1,785","5,525","7,625"
꼰대인턴,2020.05.20,MBC,수목,"5,031","60,944","2,579","6,912",230,5.2,3,2.7,3.3,1.3,1.5,2,3.7,5.5,187,376,562,"1,948","4,437"
편의점샛별이,2020.06.19,SBS,금,"4,782","37,544","2,408","4,166",180,5.2,3.2,3.2,3.3,1.8,1.4,3.2,4.2,4.7,294,233,374,"2,282","2,897"
쌍갑포차,2020.05.20,JTBC,수목,"3,976","18,275","2,536","2,505",258,3.1,1.9,1.5,2.2,1.3,1.1,1.3,2.9,3.5,369,378,710,"1,609","3,040"
오마이베이비,2020.05.13,tvN,수목,"2,829","15,494","3,287","2,404",354,1.4,0.8,0.6,1.1,0.3,0.4,1,1.5,1.1,111,233,560,"1,609","2,678"
아는건별로없지만가족입니다,2020.06.01,tvN,월화,"2,702","11,417","10,954","3,368",457,2.9,1.7,1.4,2.1,1,1.1,1.4,2.4,3,109,941,"1,606","4,435","6,307"
저녁같이드실래요,2020.05.25,MBC,월화,"2,396","12,777","3,380","3,264",566,3.8,2.2,1.8,2.5,1,1.2,2,2.7,3.6,113,612,986,"1,675","2,075"
바람과구름과비,2020.05.17,TVCHOS,토일,"1,443","20,275","1,269","2,133",187,3.8,2.2,2,2.3,0.6,1.1,1.2,1,4.4,210,187,422,"1,254","2,746"
본어게인,2020.04.20,KBS2,월화,"1,228","8,450",748,876,97,1.9,1.1,0.8,1.3,0.8,0.5,0.6,1.2,1.7,32,47,283,404,776
굿캐스팅,2020.04.27,SBS,월화,"1,158","5,811","2,414","2,711",192,7.1,4.4,3.9,4.8,2,2.1,3.6,6,6.2,104,47,471,"1,274","2,639"
번외수사,2020.05.23,OCN,토일,"1,016","1,991",549,"1,413",385,2.7,1.8,1.7,1.9,1.1,0.8,1.8,3.9,2.2,174,189,381,505,"1,183"
영혼수선공,2020.05.06,KBS2,수목,873,"2,838",287,"2,400",199,2,1.1,0.9,1.3,0.4,0.4,0.9,1.2,1.5,70,234,377,919,999
야식남녀,2020.05.25,JTBC,월화,842,"2,031",543,"1,783",280,0.7,0.4,0.3,0.4,0.1,0.3,0.3,0.6,0.6,48,-,142,202,444
화양연화삶이꽃이되는순간,2020.04.25,tvN,토일,650,"3,171","1,713","1,043",143,3.7,2.2,1.9,2.6,0.9,1.6,1.6,3,3.2,68,377,986,875,"1,509"
출사표,2020.07.01,KBS2,수목,262,"5,545",112,"1,250",29,0,0,0,0,0,0,0,0,0,-,-,-,-,-
우아한친구들,2020.07.10,JTBC,금,129,292,42,617,14,0,0,0,0,0,0,0,0,0,-,-,-,-,-
우리사랑했을까,2020.07.08,JTBC,수목,116,900,143,416,12,0,0,0,0,0,0,0,0,0,-,-,-,-,-
그놈이그놈이다,2020.07.06,KBS2,월화,96,856,31,807,8,0,0,0,0,0,0,0,0,0,-,-,-,-,-
트레인,2020.07.11,OCN,토일,82,589,26,445,21,0,0,0,0,0,0,0,0,0,-,-,-,-,-
모범형사,2020.07.06,JTBC,월화,80,180,73,408,29,0,0,0,0,0,0,0,0,0,-,-,-,-,-
미쓰리는알고있다,2020.07.08,MBC,수목,64,101,4,325,4,0,0,0,0,0,0,0,0,0,-,-,-,-,-
십시일반,2020.07.22,MBC,수목,8,48,0,17,0,0,0,0,0,0,0,0,0,0,-,-,-,-,-
사이코지만괜찮아,2020.06.20,tvN,토일,"39,980","200,899","21,461","4,459",651,4.6,2.9,2.3,3.6,2.4,2.4,2.6,5.4,3.7,621,"2,391","15,649","37,209","127,311"
한번다녀왔습니다,2020.03.28,KBS2,토일,"15,317","117,107","17,991","3,386",319,27.1,15.6,13.1,18.1,6.4,6.8,8.7,13.2,21.4,305,"10,267","5,526","26,727","31,991"
편의점샛별이,2020.06.19,SBS,금,"10,077","43,730","4,863","3,450",293,5.7,3.7,3.7,3.7,3,1.9,2.6,5.6,5.8,288,"5,578","9,967","19,280","48,982"
우아한친구들,2020.07.10,JTBC,금,"2,317","7,106","1,966","3,182",252,1.2,0.7,0.6,0.8,0.1,0.3,0.6,0.7,1.4,246,"1,629","2,779","5,621","13,524"
우리사랑했을까,2020.07.08,JTBC,수목,"2,237","13,519","2,564","2,593",273,1.7,1.1,0.9,1.3,0.5,0.7,0.6,1.7,1.6,151,224,"3,597","3,324","9,356"
악의꽃,2020.07.29,tvN,수목,"2,234","10,934","1,784","2,600",108,2.9,1.8,1.5,2.1,0.9,0.8,2.5,2.7,2.6,101,594,564,"1,385","1,226"
모범형사,2020.07.06,JTBC,월화,"2,134","4,977",916,"3,187",267,3.9,2.3,2.3,2.4,1.3,1.5,1.4,3.8,3.9,295,"1,122","3,500","9,438","27,775"
그놈이그놈이다,2020.07.06,KBS2,월화,"1,928","7,759","1,560","3,429",245,3.3,1.9,1.5,2.2,0.9,0.7,1.3,2.2,2.3,166,"2,930","4,678","5,681","18,532"
아는건별로없지만가족입니다,2020.06.01,tvN,월화,"1,769","7,344","7,124","2,062",252,3.4,2,1.6,2.4,0.9,1.2,1.4,3.2,3.5,62,"2,446","5,392","19,934","29,588"
출사표,2020.07.01,KBS2,수목,"1,392","7,112",768,"3,123",287,2.9,1.6,1.5,1.7,0.7,0.9,1,2,2.6,92,"3,069","2,243","7,818","15,817"
트레인,2020.07.11,OCN,토일,"1,288","4,198",181,"1,750",300,1.2,0.7,0.6,0.8,0.2,0.2,0.5,1.6,1,119,-,-,-,-
바람과구름과비,2020.05.17,TVCHOS,토일,965,"7,948",631,"1,216",130,4.4,2.5,2.3,2.6,0.6,1.1,1.4,1.4,4.5,172,301,950,"4,341","24,658"
저녁같이드실래요,2020.05.25,MBC,월화,851,"4,760","1,711","1,525",229,3,1.7,1.3,2,0.8,0.6,1.8,2.3,2.6,80,"1,105","12,325","1,397","4,085"
십시일반,2020.07.22,MBC,수목,724,"1,201",130,"2,058",224,2.8,1.5,1.3,1.8,0.5,0.7,1.2,1.3,2.5,59,-,478,665,"4,887"
오마이베이비,2020.05.13,tvN,수목,636,"2,789",853,631,80,1.3,0.8,0.5,1.1,0.6,0.6,0.9,1.6,1.1,14,559,"1,294","1,345","3,465"
미쓰리는알고있다,2020.07.08,MBC,수목,562,927,153,"1,268",181,2.9,1.8,1.6,2,1,0.7,1.3,2.6,2.2,19,314,636,"1,524","4,332"
꼰대인턴,2020.05.20,MBC,수목,545,"2,034",50,661,16,6.2,3.7,3.7,3.6,1.5,1.2,4.7,4.6,6.5,74,841,"1,798",983,"5,714"
비밀의숲2,2020.08.15,tvN,토일,375,"1,897",85,369,29,0,0,0,0,0,0,0,0,0,-,-,-,-,-
시네마틱드라마SF8,2020.08.14,MBC,금,89,201,4,157,15,0,0,0,0,0,0,0,0,0,-,-,-,-,-
야식남녀,2020.05.25,JTBC,월화,80,169,0,308,0,0,0,0,0,0,0,0,0,0,-,-,648,-,142
연애는귀찮지만외로운건싫어,2020.08.11,MBCeve,월화,51,66,6,386,5,0,0,0,0,0,0,0,0,0,-,-,-,-,-
내가가장예뻤을때,2020.08.19,MBC,수목,32,87,1,178,1,0,0,0,0,0,0,0,0,0,-,-,-,-,-
비밀의숲2,2020.08.15,tvN,토일,"27,917","108,361","4,738","4,529",427,5.9,3.8,3.6,4.1,2,2.5,3.9,6.3,5,1.2,"6,191","6,907","9,834","10,287"
사이코지만괜찮아,2020.06.20,tvN,토일,"17,175","85,915","12,311","1,625",256,5.6,3.8,3.2,4.4,4,3,3.4,6.9,4.6,0.4,"3,451","13,312","17,534","66,500"
한번다녀왔습니다,2020.03.28,KBS2,토일,"16,538","120,039","20,584","3,820",397,30.5,17.6,14.7,20.5,7.8,8,9.7,15.6,25,0.8,"9,047","6,244","31,842","28,948"
악의꽃,2020.07.29,tvN,수목,"14,214","83,437","9,121","3,188",394,3.3,2.1,1.8,2.4,1.1,1.5,2.4,3.1,2.5,0.6,"5,397","8,589","19,384","44,731"
편의점샛별이,2020.06.19,SBS,금,"3,507","14,608","2,054","1,214",86,6.3,3.9,4,3.9,3.2,1.6,2.7,6.9,5.8,0.2,"4,253","7,265","5,942","15,931"
우리사랑했을까,2020.07.08,JTBC,수목,"3,466","17,749","2,488","1,262",200,1.6,1,0.8,1.3,0.6,0.6,0.8,1.4,1.5,0.4,92,"1,331","2,020","13,259"
앨리스,2020.08.28,SBS,금,"2,696","10,806","1,269","3,418",126,1.7,1.2,1,1.3,0.4,1.3,0.7,1.8,1.4,0.2,81,25,"2,099","1,720"
모범형사,2020.07.06,JTBC,월화,"2,095","4,983","1,404","2,393",235,5.5,3.4,3.2,3.6,2.2,1.9,2.1,5.3,5.9,0.3,"2,803","5,474","9,342","28,359"
트레인,2020.07.11,OCN,토일,"1,913","9,087",213,764,262,1.5,0.8,0.8,0.8,0.3,0.2,0.6,1.8,1,0.3,-,-,-,-
그놈이그놈이다,2020.07.06,KBS2,월화,"1,750","7,756","1,057","2,361",213,3,1.6,1.2,1.9,0.5,0.6,1.1,1.5,2.3,0,"2,765","3,238","4,355","11,841"
우아한친구들,2020.07.10,JTBC,금,"1,403","2,748","2,250","1,870",261,3.3,1.8,1.5,2.1,0.7,1.2,1,2.5,3.5,0.3,"2,462","1,657","4,404","12,714"
브람스를좋아하세요,2020.08.31,SBS,월화,"1,251","5,356",608,"1,829",68,0,0,0,0,0,0,0,0,0,-,-,-,-,-
청춘기록,2020.09.07,tvN,월화,"1,239","11,253",223,936,16,0,0,0,0,0,0,0,0,0,-,-,-,-,-
출사표,2020.07.01,KBS2,수목,987,"3,775",330,"1,228",170,2.5,1.4,1.3,1.5,0.6,0.7,0.7,1.8,2.4,0.1,"2,478","5,085","2,956","4,633"
미씽그들이있었다,2020.08.29,OCN,토일,897,"2,379",365,"1,142",132,2.4,1.5,1.5,1.6,0.6,0.9,1.7,2.9,2,0.3,-,-,-,-
도도솔솔라라솔,2020.10.07,KBS2,수목,854,"5,131",94,"1,361",14,0,0,0,0,0,0,0,0,0,-,-,-,-,-
내가가장예뻤을때,2020.08.19,MBC,수목,819,"2,995","1,001","1,439",158,2.7,1.5,1.2,1.9,0.5,1,1.4,1.7,2.5,0.1,78,79,445,958
트웬티트웬티,2020.09.06,JTBC,토일,724,"8,579","2,104",62,2,0,0,0,0,0,0,0,0,0,-,-,-,-,-
연애는귀찮지만외로운건싫어,2020.08.11,MBCeve,월화,450,"2,161",249,"1,839",158,0.4,0.2,0.1,0.3,0.2,0.1,0.3,0.3,0.2,-,226,369,550,"1,674"
시네마틱드라마SF8,2020.08.14,MBC,금,403,"1,335",60,829,68,1.4,0.9,0.8,1,0.9,0.4,1.2,1.3,1,0,-,-,139,80
좀비탐정,2020.09.21,KBS2,월화,256,717,64,839,9,0,0,0,0,0,0,0,0,0,-,-,-,-,-
십시일반,2020.07.22,MBC,수목,250,356,145,757,182,2.5,1.4,1.2,1.6,0.2,0.7,1.5,1.5,2,0,244,"1,287",581,"3,749"
경우의수,2020.09.25,JTBC,금,208,519,50,7,0,0,0,0,0,0,0,0,0,0,-,-,-,-,-
18어게인,2020.09.21,JTBC,월화,197,895,71,348,6,0,0,0,0,0,0,0,0,0,-,-,-,-,-
사생활,2020.10.07,JTBC,수목,92,643,31,187,2,0,0,0,0,0,0,0,0,0,-,-,-,-,-
거짓말의거짓말,2020.09.04,채널A,금,71,83,19,575,10,0,0,0,0,0,0,0,0,0,-,-,-,13,36
오!삼광빌라!,2020.09.19,KBS2,토일,52,177,0,147,0,0,0,0,0,0,0,0,0,0,-,-,-,-,-
청춘기록,2020.09.07,tvN,월화,"32,419","180,104","11,168","5,640",438,6.1,3.8,3,4.6,2.4,2.2,3.7,5.9,5.5,1.2,"13,874","17,495","16,754","18,144"
비밀의숲2,2020.08.15,tvN,토일,"28,269","116,260","7,232","3,065",407,6.3,4.1,3.7,4.6,2.6,2.9,3.9,6.9,5.1,2,"6,433","14,380","16,878","28,970"
브람스를좋아하세요?,2020.08.31,SBS,월화,"22,097","173,970","11,151","4,122",394,4.2,2.5,2.1,3,1.1,1.3,2.3,3.5,3.6,0.2,931,"6,182","4,002","20,148"
악의꽃,2020.07.29,tvN,수목,"17,832","115,716","10,609","3,662",383,4.4,2.6,2.1,3.2,1.8,1.9,3.5,4.6,2.9,0.6,"3,915","7,180","18,207","44,692"
한번다녀왔습니다,2020.03.28,KBS2,토일,"8,744","62,125","9,982","1,782",165,31.7,19,15.8,22.1,9.8,8.3,11.2,17.5,26,0.3,"1,488","1,030","15,984","14,788"
앨리스,2020.08.28,SBS,금,"5,354","24,808","4,754","3,955",269,7,4.3,3.9,4.8,3.1,2.1,3.2,7,6.7,0.6,"1,860","4,226","12,466","18,718"
18어게인,2020.09.21,JTBC,월화,"5,237","29,980","1,869","2,658",180,2.4,1.6,1.4,1.8,1.1,1.2,1.3,2.3,2.6,0.4,381,"1,074","4,025","7,950"
트웬티트웬티,2020.09.06,JTBC,토일,"4,989","41,504","7,259",402,17,0.5,0.3,0.3,0.3,0.1,0.2,0.3,0.3,0.5,-,-,-,65,"1,647"
오!삼광빌라!,2020.09.19,KBS2,토일,"3,132","8,775",719,"2,735",182,20.7,11.7,9.6,13.8,4.9,4.4,5.6,9,15.9,0.1,"1,475","3,997","5,306","3,445"
내가가장예뻤을때,2020.08.19,MBC,수목,"3,033","16,340","4,679","1,866",341,3.1,1.7,1.3,2.1,0.7,0.9,1.4,1.9,2.4,0.1,"2,104","2,292","1,917","3,191"
경우의수,2020.09.25,JTBC,금,"2,908","23,879","1,024","1,918",115,1.4,1,0.8,1.2,0.6,0.4,0.6,2.2,0.9,0,239,865,307,427
미씽그들이있었다,2020.08.29,OCN,토일,"2,263","8,836","1,472","1,370",315,3.2,2.2,2,2.4,1.7,1.3,2.1,4.8,2.7,0.5,-,-,-,-
거짓말의거짓말,2020.09.04,채널A,금,"2,210","8,123","1,157","1,890",198,2.8,1.6,1.2,1.9,0.6,0.7,0.7,1.7,3.2,0.1,667,"2,361","4,863","7,301"
좀비탐정,2020.09.21,KBS2,월화,"1,357","5,343",352,"2,709",91,3,1.9,1.7,2.2,1.3,0.8,1.1,3.2,2.2,0.1,"1,937","1,837",909,"1,503"
우리사랑했을까,2020.07.08,JTBC,수목,698,"2,056",118,542,24,1.8,1.2,1.1,1.2,0.3,0.9,1.5,1.3,1.4,0,-,314,225,720
스타트업,2020.10.17,tvN,토일,650,"3,072",117,435,6,0,0,0,0,0,0,0,0,0,-,-,-,624,88
사생활,2020.10.07,JTBC,수목,438,"3,079",309,449,21,0,0,0,0,0,0,0,0,0,-,-,-,-,-
우아한친구들,2020.07.10,JTBC,금,425,912,456,560,66,4,2.2,1.7,2.7,0.4,1.5,1,3.1,4.6,0,153,"2,578",807,"6,670"
연애는귀찮지만외로운건싫어,2020.08.11,MBCeve,월화,409,"2,269",202,"1,160",159,0.2,0.1,0.1,0.1,0,0.1,0.1,0.3,0.1,0,443,655,381,"2,842"
학교기담,2020.09.12,TVCHOS,토일,320,935,9,173,35,1.1,0.6,0.5,0.6,0.4,0.3,0.3,0.4,0.7,-,-,40,2,719
구미호뎐,2020.10.07,tvN,수목,299,"2,412",433,754,31,0,0,0,0,0,0,0,0,0,-,-,-,-,295
도도솔솔라라솔,2020.10.07,KBS2,수목,269,763,29,432,8,0,0,0,0,0,0,0,0,0,-,-,-,-,-
그놈이그놈이다,2020.07.06,KBS2,월화,212,806,109,568,31,2.9,1.5,1.2,1.9,0.4,0.6,0.8,1.2,1.7,0,556,41,344,562
시네마틱드라마SF8,2020.08.14,MBC,금,201,362,26,314,50,1.2,0.7,0.6,0.7,0.4,0.3,0.5,1.1,0.7,0,-,-,-,-
써치,2020.10.17,OCN,토일,60,417,56,224,5,0,0,0,0,0,0,0,0,0,-,-,-,-,-
나의위험한아내,2020.10.05,MBN,월화,37,50,8,377,4,0,0,0,0,0,0,0,0,0,-,-,-,-,-
나를사랑한스파이,2020.10.21,MBC,수목,23,50,0,71,1,0,0,0,0,0,0,0,0,0,-,-,-,-,-
청춘기록,2020.09.07,tvN,월화,"34,300","167,309","11,787","4,675",448,6.9,4.1,3.2,5,2.4,2,4,5.9,5.8,1.1,"14,047","20,882","18,382","33,025"
브람스를좋아하세요?,2020.08.31,SBS,월화,"28,769","183,984","7,920","2,240",233,3.6,2.2,1.8,2.7,0.9,1.1,2.1,3,2.7,0.1,105,"4,469","3,171","18,894"
스타트업,2020.10.17,tvN,토일,"15,781","82,843","4,382","3,754",345,3.9,2.6,2.2,3,2.3,2,2.3,3.9,3.5,0.6,10,79,85,"2,121"
구미호뎐,2020.10.07,tvN,수목,"15,281","83,158","18,310","4,194",488,5.2,3.4,3,3.8,3,1.9,4.2,6.6,3.8,1.1,"5,724","6,329","29,865","81,968"
18어게인,2020.09.21,JTBC,월화,"9,977","81,255","7,482","2,593",340,3,1.9,1.7,2.2,1.8,1.4,1.6,2.8,3.4,0.8,"1,910","8,438","12,784","77,150"
비밀의숲2,2020.08.15,tvN,토일,"8,942","39,235","1,921",466,88,7.5,4.8,4.4,5.2,2.7,2.7,4.9,8.3,6.7,0.5,"2,483","32,347","11,859","38,263"
도도솔솔라라솔,2020.10.07,KBS2,수목,"6,151","33,236","2,041","2,471",285,2.6,1.5,1.2,1.9,1.3,0.6,1.1,2.2,2.1,0.3,"1,840","4,774","4,629","10,650"
펜트하우스,2020.10.26,SBS,월화,"5,761","22,099","2,720","3,058",141,6.4,3.8,3.2,4.4,1.9,1.8,2.8,5.2,6.4,0.1,29,217,"2,458","5,296"
사생활,2020.10.07,JTBC,수목,"4,987","20,700","1,444","2,693",238,1.9,1.2,1.1,1.3,0.4,0.8,1.1,1.6,1.9,1,"1,413","9,878","1,724","6,115"
오!삼광빌라!,2020.09.19,KBS2,토일,"4,111","9,057","3,093","2,139",314,20.6,11.5,9.5,13.5,4.9,4.7,5.2,8.4,16.7,0.3,"5,768","1,844","15,354","14,333"
경우의수,2020.09.25,JTBC,금,"3,287","33,851","2,814","1,719",322,1.3,1,0.8,1.1,0.7,0.7,0.6,1.6,1.3,0.1,337,"1,090","1,407","4,288"
거짓말의거짓말,2020.09.04,채널A,금,"2,787","10,557","3,151","1,695",230,4.6,2.7,2.1,3.2,1,1.5,1.7,2.3,5.1,0.1,701,"2,538","7,327","17,080"
써치,2020.10.17,OCN,토일,"2,694","14,707","1,542","1,465",281,2.8,1.9,1.8,2,1.7,1,1.4,3.3,2.9,0.3,-,-,-,-
앨리스,2020.08.28,SBS,금,"2,554","14,406","3,724","2,241",184,6.1,3.8,3.5,4.1,2.3,1.5,2.6,6.5,5.9,0.4,"3,328","1,289","7,288","20,054"
카이로스,2020.10.26,MBC,월화,"2,526","8,225",300,"2,071",96,3.2,1.8,1.6,2,0.8,0.7,1.4,2.1,2.6,0,-,-,277,"1,275"
내가가장예뻤을때,2020.08.19,MBC,수목,"2,422","10,036","1,916","1,039",161,3,1.6,1.2,2,0.6,0.6,1.4,1.5,2.1,0,295,426,"1,319","2,959"
미씽그들이있었다,2020.08.29,OCN,토일,"2,087","4,924","1,000",427,194,3.1,2,1.8,2.2,1.4,0.9,2,4.1,2.9,0.3,-,-,-,-
트웬티트웬티,2020.09.06,JTBC,토일,"1,422","20,702","5,512",326,22,0.5,0.3,0.3,0.3,0.3,0.1,0.2,0.3,0.6,-,-,299,18,"4,248"
나를사랑한스파이,2020.10.21,MBC,수목,"1,187","3,045",465,"2,044",178,3.1,2,1.8,2.1,1.3,1.2,1.5,2.7,2.8,0.1,642,"2,356","1,158","6,304"
좀비탐정,2020.09.21,KBS2,월화,"1,140","4,228",316,"1,789",167,2.4,1.4,1.4,1.5,0.9,0.6,0.9,2,1.9,0.2,"4,158","4,531","4,266","7,033"
나의위험한아내,2020.10.05,MBN,월화,751,"2,156",369,"2,046",300,2,1,0.9,1.2,0.2,0.5,0.3,0.9,2,0.2,149,"2,394","1,737","6,819"
날아라개천용,2020.10.30,SBS,금,641,"1,315",366,"1,843",119,4.5,2.6,2.3,2.8,1.4,1.4,1.7,3.8,4.2,0,949,94,"1,331",206
산후조리원,2020.11.02,tvN,월화,241,960,138,851,35,0,0,0,0,0,0,0,0,0,-,-,-,-,-
연애는귀찮지만외로운건싫어,2020.08.11,MBCeve,월화,165,511,63,487,70,0.1,0.1,0.1,0.1,0.1,0,0.1,0.1,0.2,0,181,117,318,"1,740"
라이브온,2020.11.17,JTBC,월화,117,"1,201",168,175,2,0,0,0,0,0,0,0,0,0,-,-,-,-,-
KBS드라마스페셜2020,2020.11.07,KBS2,수목,66,138,10,188,6,0,0,0,0,0,0,0,0,0,-,-,-,-,-
제발그남자만나지마요,2020.11.10,MBCeve,월화,22,31,3,256,2,0,0,0,0,0,0,0,0,0,-,-,-,-,-
시네마틱드라마SF8,2020.08.14,MBC,금,19,37,7,57,14,1.3,0.7,0.7,0.8,0.5,0.4,1.1,1,0.9,-,-,-,-,-
복수해라,2020.11.21,TVCHOS,토일,11,18,1,85,2,0,0,0,0,0,0,0,0,0,-,-,-,-,-
펜트하우스,2020.10.26,SBS,월화,"22,167","78,151","26,241","5,854",320,10.9,6.4,5.4,7.4,2.8,4.1,4.9,8.1,11.5,0.8,"2,676","12,006","15,031","57,882"
스타트업,2020.10.17,tvN,토일,"20,213","189,442","14,005","4,429",655,4,2.7,2.1,3.2,2.6,2.2,1.8,4.9,3.6,1,"7,343","17,280","15,493","34,017"
구미호뎐,2020.10.07,tvN,수목,"10,475","85,552","25,057","3,326",481,4.9,3.2,2.7,3.7,3.4,2,3.3,6.6,3.6,0.7,"3,654","10,196","29,859","92,870"
도도솔솔라라솔,2020.10.07,KBS2,수목,"6,844","38,213","1,883","1,746",249,2.4,1.4,1.1,1.8,1,0.9,0.9,2.1,2.1,0.1,"2,171","2,880","5,575","7,828"
카이로스,2020.10.26,MBC,월화,"6,642","22,825","1,140","2,773",274,2.6,1.4,1.2,1.6,0.5,0.6,0.9,2,1.9,0.3,"3,814","7,359","1,680","9,910"
오!삼광빌라!,2020.09.19,KBS2,토일,"5,282","11,668","4,909","2,803",308,23.3,13.4,11.1,15.7,6.1,6.2,5.5,10.8,19.5,0.4,"9,256","7,922","27,053","18,370"
산후조리원,2020.11.02,tvN,월화,"4,621","37,289","13,517","4,549",470,3.5,2.3,1.6,2.9,1.4,1.8,3.2,3.4,2.7,0.1,"5,726","7,611","15,915","30,434"
18어게인,2020.09.21,JTBC,월화,"3,213","30,010","4,464","1,958",165,3,2,1.7,2.3,1.8,1.7,1.4,2.8,3.1,0.3,"1,396","7,771","6,035","25,283"
경우의수,2020.09.25,JTBC,금,"2,202","18,884","2,120","2,253",211,1.3,0.9,0.8,1,0.5,0.5,0.4,1.8,1.3,0.2,"1,420","2,352","1,754","7,756"
사생활,2020.10.07,JTBC,수목,"1,990","12,623","1,223","1,921",198,1.5,0.9,0.8,1,0.3,0.5,0.6,1.2,1.7,0.5,"1,387","5,819",526,"9,885"
라이브온,2020.11.17,JTBC,월화,"1,740","15,344","1,709","2,662",64,1.2,0.7,0.6,0.8,0.3,0.4,0.6,1.2,0.9,0,108,410,"1,423","4,422"
써치,2020.10.17,OCN,토일,"1,669","8,424","1,137",786,235,3.7,2.4,2.2,2.6,1.9,1.3,1.8,4.3,3.9,0.4,-,-,-,-
경이로운소문,2020.11.28,OCN,토일,"1,473","5,865",573,"2,417",188,3.9,2.6,2.4,2.7,1.9,1.5,2.1,5,4,0.6,-,-,-,-
나를사랑한스파이,2020.10.21,MBC,수목,"1,163","2,557",427,"1,820",212,2.6,1.5,1.3,1.7,0.9,0.6,1.2,2.2,2.3,0.1,"1,628","9,611","1,055","10,508"
청춘기록,2020.09.07,tvN,월화,"1,105","1,434",0,14,0,0,0,0,0,0,0,0,0,0,-,-,410,382,"15,720"
날아라개천용,2020.10.30,SBS,금,982,"2,141",646,"2,233",203,4.6,2.7,2.5,2.9,1.4,1.3,1.7,4.2,4.4,0.2,"4,362","6,481","8,897","14,519"
복수해라,2020.11.21,TVCHOS,토일,696,920,82,"2,403",73,2.8,1.5,1.3,1.7,0.4,1,0.5,1,2.3,0.1,334,589,995,"1,459"
낮과밤,2020.11.30,tvN,월화,608,"3,473",233,"1,833",104,4.5,2.7,2.4,3,1.1,2.1,1.8,4.4,4.3,0.1,70,-,20,-
철인왕후,2020.12.12,tvN,토일,553,"3,815","1,087",843,33,0,0,0,0,0,0,0,0,0,-,-,-,-,-
KBS드라마스페셜2020,2020.11.07,KBS2,수목,550,"1,178",140,"2,167",152,1.7,0.9,0.7,1.2,0.5,0.4,0.6,0.9,1.6,0,35,831,40,"1,805"
허쉬,2020.12.11,JTBC,금,511,"1,544",138,926,11,0,0,0,0,0,0,0,0,0,-,-,-,-,-
여신강림,2020.12.09,tvN,수목,439,"2,631",399,901,13,0,0,0,0,0,0,0,0,0,-,-,-,-,-
나의위험한아내,2020.10.05,MBN,월화,391,639,309,"1,704",286,1.9,1,0.7,1.2,0.2,0.5,0.4,1,2,0.1,126,940,"2,584","9,209"
제발그남자만나지마요,2020.11.10,MBCeve,월화,389,"1,353",86,"1,484",93,0.4,0.3,0.2,0.3,0.4,0.2,0.2,0.6,0.3,0.1,745,"3,843",344,"2,354"
바람피면죽는다,2020.12.02,KBS2,수목,185,401,53,826,21,0,0,0,0,0,0,0,0,0,-,-,-,-,-
런온,2020.12.16,JTBC,수목,143,942,53,319,5,0,0,0,0,0,0,0,0,0,-,-,-,-,-
트웬티트웬티,2020.09.06,JTBC,토일,67,249,11,92,0,0.4,0.2,0.2,0.2,0.1,0.1,0.2,0.1,0.5,-,-,-,-,-
암행어사조선비밀수사단,2020.12.21,KBS2,월화,22,194,14,73,6,0,0,0,0,0,0,0,0,0,-,-,-,-,-
좀비탐정,2020.09.21,KBS2,월화,9,44,0,0,0,0,0,0,0,0,0,0,0,0,-,-,22,-,21
펜트하우스,2020.10.26,SBS,월화,"78,643","382,647","68,477","9,523",433,17.8,11.3,9.4,13.3,7,7.4,9.1,14.3,18.3,1.2,"5,400","20,412","26,689","136,325"
철인왕후,2020.12.12,tvN,토일,"13,987","74,482","20,694","5,002",317,7.6,5.3,4.7,6,4.4,2.8,4,10.7,7.1,-,"7,601","12,509","31,434","75,857"
경이로운소문,2020.11.28,OCN,토일,"12,657","79,778","13,945","3,338",415,6.8,4.7,4.4,4.9,4.9,2.7,4.2,9.1,6.5,1.6,"1,392","12,222","4,528","72,109"
여신강림,2020.12.09,tvN,수목,"8,964","97,344","21,499","6,648",319,3.6,2.3,1.7,3,3.1,1.8,2.8,4.1,2.2,-,"3,311","4,652","15,625","34,264"
카이로스,2020.10.26,MBC,월화,"5,448","16,162",621,"3,130",260,2.6,1.4,1.2,1.6,0.5,0.4,0.8,2.6,1.8,0.3,"5,621","3,280","2,435","13,466"
허쉬,2020.12.11,JTBC,금,"5,264","14,672","1,127","4,204",227,2.1,1.4,1.4,1.4,0.6,0.9,1.1,1.7,2.2,-,"2,590","3,897","6,409","8,393"
구미호뎐,2020.10.07,tvN,수목,"4,706","41,400","6,119","1,312",128,5.2,3.3,2.8,3.9,3.1,2.2,3.5,7.1,3.5,0.2,"2,102","5,836","10,983","32,865"
런온,2020.12.16,JTBC,수목,"4,131","20,864","1,850","3,924",291,2.1,1.4,1.3,1.6,1.1,0.7,0.8,2.6,2,-,"1,633","1,836","2,626","3,247"
오!삼광빌라!,2020.09.19,KBS2,토일,"3,787","10,732","2,986","2,347",270,24.2,14.3,11.9,16.7,7.1,6.7,6.4,11.3,20,0.5,"3,914","8,825","17,839","11,058"
스타트업,2020.10.17,tvN,토일,"2,938","35,770","3,044",757,130,4.1,2.7,2.1,3.2,2.5,2.4,2.3,4.7,3.2,0.1,"1,810","6,070","2,313","13,140"
라이브온,2020.11.17,JTBC,월화,"2,866","30,053","5,727","1,805",128,0.7,0.4,0.4,0.5,0.3,0.3,0.3,0.7,0.5,0.2,92,"1,579","1,763","10,205"
낮과밤,2020.11.30,tvN,월화,"1,846","7,219","3,222","3,448",428,4,2.4,2,2.8,1.3,1.3,1.8,4.4,3.7,0.6,"6,370","9,393","8,502","31,463"
바람피면죽는다,2020.12.02,KBS2,수목,"1,627","3,778",817,"4,480",204,3.1,1.8,1.5,2.1,0.9,1,1.1,2.2,2.6,-,"1,045","1,197","3,936","11,381"
날아라개천용,2020.10.30,SBS,금,"1,295","8,098",264,"2,263",106,4.2,2.5,2.4,2.7,1.1,1.4,1.7,3.4,4.3,0.1,"1,939",785,"2,282","5,608"
암행어사조선비밀수사단,2020.12.21,KBS2,월화,"1,242","5,205",600,"4,038",147,4.6,2.5,2.3,2.6,0.9,1,0.9,2.9,3.8,-,"1,039","1,662","2,306","4,220"
나를사랑한스파이,2020.10.21,MBC,수목,715,"1,150",368,"1,516",206,2.3,1.3,1.2,1.5,0.7,0.7,1.1,1.9,1.6,0.1,"4,370","2,890",977,"3,797"
복수해라,2020.11.21,TVCHOS,토일,515,959,58,"1,024",65,2,1.1,1,1.3,0.2,0.6,0.5,0.7,1.7,0.2,140,"1,478","1,059","11,463"
KBS드라마스페셜2020,2020.11.07,KBS2,수목,495,"1,370",118,"1,776",90,1.2,0.7,0.6,0.7,0.4,0.4,0.5,0.7,1,-,-,-,-,-
제발그남자만나지마요,2020.11.10,MBCeve,월화,376,"1,783",209,810,156,0.3,0.2,0.2,0.3,0.2,0.2,0.2,0.5,0.4,0.1,810,"2,329",650,"2,791"
선배그립스틱바르지마요,2021.01.18,JTBC,월화,46,762,152,216,11,0,0,0,0,0,0,0,0,0,-,-,-,-,-
펜트하우스,2020.10.26,SBS,월화,"36,973","181,639","21,507","4,988",124,21.7,14.2,11.6,16.7,8.4,10.3,10.8,17.4,24.3,0.3,-,-,-,-
경이로운소문,2020.11.28,OCN,토일,"27,593","130,908","14,767","4,695",495,10.4,8.1,7.4,8.7,8.9,6,7.1,14.7,11.6,3.2,"1,239","8,089","7,929","47,238"
철인왕후,2020.12.12,tvN,토일,"26,176","144,293","46,906","4,408",550,10.9,8,7,8.9,6.1,5,5.9,14.2,12.2,2.4,"6,846","12,393","51,047","132,385"
여신강림,2020.12.09,tvN,수목,"15,639","185,795","33,231","5,741",619,3.8,2.9,2.3,3.6,4.5,1.7,2.9,5.3,3,1.2,393,"1,802","30,517","64,532"
런온,2020.12.16,JTBC,수목,"13,724","75,571","5,007","3,294",329,2.4,1.7,1.3,2,1.1,0.9,1.3,2.5,2.5,1.3,"1,224","8,791","6,357","14,550"
펜트하우스2,2021.02.19,SBS,금,"8,219","25,597",492,333,13,0,0,0,0,0,0,0,0,0,-,826,"3,518","9,133","51,796"
오!삼광빌라!,2020.09.19,KBS2,토일,"4,874","13,259","4,266","2,306",336,25.5,15.2,12.8,17.5,6.7,8.2,7.3,11.2,22.1,0.5,"1,687","3,742","12,639","6,730"
선배그립스틱바르지마요,2021.01.18,JTBC,월화,"3,028","16,125","1,750","3,096",170,1.9,1.2,1,1.5,0.9,1,1.3,1.3,1.8,0.2,223,"3,512","1,218","1,352"
허쉬,2020.12.11,JTBC,금,"2,032","4,177",222,"1,989",253,1.8,1.2,1.2,1.2,0.5,0.6,0.6,1.9,1.5,0.4,719,"1,090","1,948","4,493"
암행어사조선비밀수사단,2020.12.21,KBS2,월화,"1,775","8,867","1,065","3,424",238,8.1,4.8,4.4,5.1,2.1,2.1,2.1,4.9,7.4,0.6,797,"1,693","5,126","16,506"
결혼작사이혼작곡,2021.01.23,TVCHOS,토일,"1,475","11,637","1,865","3,252",75,5.1,2.9,2.3,3.6,0.7,1.4,1.4,1.9,3.7,0.3,304,168,"1,271","2,415"
날아라개천용,2020.10.30,SBS,금,"1,317","7,574","1,531","3,456",210,4.6,2.9,2.9,3,1.6,1.6,1.7,3.9,4.8,0.3,"1,968","2,514","6,237","9,602"
낮과밤,2020.11.30,tvN,월화,"1,286","4,982","3,218","2,450",266,4.4,2.7,2.4,3,1.7,1.4,1.6,4.7,4.7,0.4,"1,061","1,106","7,431","23,675"
바람피면죽는다,2020.12.02,KBS2,수목,970,"1,223",444,"3,065",190,2.7,1.4,1.3,1.6,0.9,0.7,0.9,1.4,2.4,0.1,-,49,904,"3,889"
라이브온,2020.11.17,JTBC,월화,832,"7,533","1,627","1,067",35,0.8,0.6,0.5,0.6,0.4,0.3,1.1,0.6,0.4,0.1,-,-,499,"1,055"
빈센조,2021.02.20,tvN,토일,474,"2,167",489,563,7,0,0,0,0,0,0,0,0,0,-,-,-,-,-
루카더비기닝,2021.02.01,tvN,월화,425,"1,494",380,"1,578",41,0,0,0,0,0,0,0,0,0,-,-,-,-,-
시지프스,2021.02.17,JTBC,수목,180,"1,116",84,211,3,0,0,0,0,0,0,0,0,0,-,-,-,-,-
복수해라,2020.11.21,TVCHOS,토일,167,229,55,524,63,2,1.1,0.9,1.3,0.4,0.4,0.4,0.6,1.7,0.1,-,-,"1,743","3,104"
제발그남자만나지마요,2020.11.10,MBCeve,월화,167,723,94,662,61,0.4,0.3,0.3,0.4,0.4,0.3,0.1,0.6,0.5,0,518,"3,282",111,318
달이뜨는강,2021.02.15,KBS2,월화,125,515,4,174,2,0,0,0,0,0,0,0,0,0,-,-,-,-,-
안녕나야,2021.02.17,KBS2,수목,104,233,2,209,2,0,0,0,0,0,0,0,0,0,-,-,-,-,-
괴물,2021.02.19,JTBC,금,78,387,96,316,4,0,0,0,0,0,0,0,0,0,-,-,-,-,-
타임즈,2021.02.20,OCN,토일,45,83,0,203,2,0,0,0,0,0,0,0,0,0,-,-,-,-,-
구미호레시피,2021.02.12,KBS1,금,22,93,12,48,3,0,0,0,0,0,0,0,0,0,-,-,-,-,-
펜트하우스2,2021.02.19,SBS,금,"21,202","200,554","35,742","8,095",356,17.9,12.4,10.2,14.5,10.8,8.8,11.4,14.6,19.6,1.1,"2,039","1,684","23,236","37,999"
빈센조,2021.02.20,tvN,토일,"5,652","38,873","7,377","4,250",286,7.9,5.5,4.8,6.3,4,3.2,3.9,10.5,8.6,1.9,191,671,"9,578","19,799"
철인왕후,2020.12.12,tvN,토일,"4,381","46,302","27,001","2,213",280,13,9.6,8.5,10.6,7,5.9,7.2,16,15.1,0.7,"1,779","17,432","26,620","166,272"
시지프스,2021.02.17,JTBC,수목,"3,724","16,142","1,305","3,059",148,4.9,3.3,2.9,3.7,1.6,2,2.2,5.5,5.7,0.8,70,274,"3,435","4,662"
여신강림,2020.12.09,tvN,수목,"3,081","58,752","9,213","1,783",168,3.8,2.8,2.1,3.5,4,1.4,3,5.5,2.7,0.4,608,"11,040","6,340","33,300"
괴물,2021.02.19,JTBC,금,"2,567","9,658",498,"2,942",161,3.3,2.3,1.9,2.6,1.2,1.1,1.8,3.5,4.1,0.3,682,228,"3,439","6,588"
루카더비기닝,2021.02.01,tvN,월화,"2,474","10,436","4,034","3,257",481,5.3,3.6,3.3,3.9,2.1,1.9,2.2,6.7,6.5,0.9,"3,399","7,165","8,377","20,815"
오!삼광빌라!,2020.09.19,KBS2,토일,"2,270","9,643","4,017","1,954",279,25.3,15.2,12.8,17.7,7.2,7.2,7.5,11.9,22,0.4,999,"5,577","8,666","12,090"
선배그립스틱바르지마요,2021.01.18,JTBC,월화,"2,127","17,603","4,713","1,664",306,1.7,1.1,0.8,1.3,0.7,0.6,1.1,1,1.5,0.4,143,"5,599","1,059","6,019"
런온,2020.12.16,JTBC,수목,"1,907","10,853","1,229","1,305",85,2.3,1.6,1.4,1.8,1,0.8,1.3,2.7,2.3,0.3,54,"2,312","1,391","11,782"
달이뜨는강,2021.02.15,KBS2,월화,"1,816","11,710",919,"3,617",131,7.3,4.2,3.8,4.6,1.7,1.3,2.6,5,6.6,0.4,"1,359","3,727","1,351","3,868"
결혼작사이혼작곡,2021.01.23,TVCHOS,토일,"1,707","7,322","3,269","2,607",175,5.3,3,2.2,3.7,0.9,1.2,1.3,1.8,4,0.6,166,"2,634","4,356","7,424"
안녕나야,2021.02.17,KBS2,수목,930,"2,376",371,"2,972",128,3.2,1.9,1.8,2.1,1.6,0.6,1.2,2.2,3,0.4,547,145,466,"3,014"
암행어사조선비밀수사단,2020.12.21,KBS2,월화,848,"4,229",671,"1,701",105,10.6,6.2,5.8,6.7,2.1,2.6,3.2,5.4,10.1,0.3,456,116,"1,874","5,470"
타임즈,2021.02.20,OCN,토일,746,"4,329",609,"1,575",227,1.9,1.3,1.3,1.3,0.8,0.7,0.8,2,2.6,0.2,-,-,771,"1,639"
마우스,2021.03.03,tvN,수목,434,"4,511",345,878,43,0,0,0,0,0,0,0,0,0,-,-,-,-,-
디어엠(Dear.M),2021.02.26,KBS2,금,427,"4,665",843,480,15,0,0,0,0,0,0,0,0,0,-,-,-,-,-
허쉬,2020.12.11,JTBC,금,349,"1,257",183,624,63,1.8,1.1,1.1,1,0.4,0.5,0.6,2,1.5,0.1,40,806,269,"2,453"
구미호레시피,2021.02.12,KBS1,금,113,168,29,508,40,2,1,1,1.1,0.7,0.6,0.7,0.8,1,-,-,-,4,17
러브씬넘버#,2021.02.01,MBC,월화,112,166,29,900,51,2,1.1,1.1,1.1,0.6,0.6,1,1.3,1.4,0,51,-,763,"2,008"
드라마스테이지2021,2021.03.03,tvN,수목,89,"1,002",25,346,5,0,0,0,0,0,0,0,0,0,-,-,-,-,27
오케이광자매,2021.03.13,KBS2,토일,52,34,7,247,3,0,0,0,0,0,0,0,0,0,-,-,-,-,-
경로를이탈하였습니다,2021.03.15,JTBC,월화,12,206,34,104,2,0,0,0,0,0,0,0,0,0,-,-,-,-,-
펜트하우스2,2021.02.19,SBS,금,"37,972","393,153","95,113","8,086",421,21.5,14.3,11.7,16.9,10.5,9.6,13.3,16.8,22.8,1.1,"4,354","16,479","51,298","158,737"
빈센조,2021.02.20,tvN,토일,"15,069","146,658","25,567","5,428",674,9.3,6.4,5.8,6.9,4.7,3.8,5.2,11.1,9.8,1.9,"2,432","19,546","31,670","112,049"
조선구마사,2021.03.22,SBS,월화,"13,460","272,929","6,555","6,817",177,7.1,4.5,4.2,4.7,2,2.4,4.2,6.9,7.2,0.1,"1,067",793,"1,902","1,427"
마우스,2021.03.03,tvN,수목,"6,625","40,821","8,650","4,300",490,5.1,3.4,2.9,3.8,1.9,2,3.3,5.9,5.3,1.4,"2,746","4,469","18,668","52,450"
달이뜨는강,2021.02.15,KBS2,월화,"5,091","73,343","4,413","5,605",271,7.6,4.4,3.9,4.9,1.5,1.6,2.6,4.5,7.2,0.4,"2,356","1,935","7,738","12,254"
괴물,2021.02.19,JTBC,금,"4,809","29,228","1,873","3,875",307,3.8,2.5,2.1,2.9,1,1.2,2.3,4,4.5,0.3,304,"1,643","10,246","23,257"
시지프스,2021.02.17,JTBC,수목,"4,126","23,092","3,255","3,053",336,4,2.6,2.3,2.8,1,1.7,2,3.7,5,0.8,465,"6,628","4,617","20,113"
나빌레라,2021.03.22,tvN,월화,"2,726","15,105","1,662","3,260",254,2.6,1.6,1.3,1.9,0.8,1,1.3,2.1,2.5,0.5,966,"1,389","2,395","1,180"
오케이광자매,2021.03.13,KBS2,토일,"1,538","4,680",991,"3,272",207,21.2,12.1,10.2,14.1,4.3,4.7,5.4,9.2,16.6,0.4,10,977,"6,344","1,592"
안녕나야,2021.02.17,KBS2,수목,"1,112","3,522",642,"2,079",205,3.3,2,1.7,2.2,1.3,1,1.1,2.2,3.3,0.4,"1,484","2,555","2,134","10,049"
오!삼광빌라!,2020.09.19,KBS2,토일,874,"5,371","1,071",970,69,26.3,15.3,12.5,18,5.7,7.4,7.6,11.4,22,0.5,-,"2,473","2,961","4,584"
루카더비기닝,2021.02.01,tvN,월화,836,"4,216","2,157","1,664",211,5.4,3.6,3.5,3.6,2,2,2.4,5.3,6.9,0.9,467,"3,532","4,909","14,600"
선배그립스틱바르지마요,2021.01.18,JTBC,월화,806,"8,003","3,433","1,005",145,1.5,1,0.9,1.1,0.4,0.6,0.6,1.2,1.4,0.2,34,"1,233",152,"4,004"
타임즈,2021.02.20,OCN,토일,729,"1,921",814,"1,299",390,1.7,1,1.1,1,0.4,0.3,0.8,1.6,2.1,0.2,63,"1,098","1,953","15,411"
오주인님,2021.03.24,MBC,수목,726,"5,158",347,"3,010",176,1.4,0.9,0.9,0.8,0.2,0.6,1,1,1.7,0.1,25,369,602,"1,033"
결혼작사이혼작곡,2021.01.23,TVCHOS,토일,718,"2,938","1,598","1,191",93,5.2,2.8,2.2,3.4,0.7,1,1.1,1.8,3.5,0.3,339,"1,114","3,204","6,078"
드라마스테이지2021,2021.03.03,tvN,수목,673,"5,049","2,084","1,212",302,1,0.7,0.6,0.7,0.4,0.4,0.8,1.1,1,0,444,"1,011",895,"6,354"
경로를이탈하였습니다,2021.03.15,JTBC,월화,221,"1,103",137,685,68,1.8,1.2,1.1,1.2,0.4,0.7,1,1.5,2,0,-,-,-,-
아이를찾습니다,2021.03.22,JTBC,월화,195,731,72,549,70,2.1,1.3,1,1.6,0.2,0.6,1.2,1.7,2.4,0,-,-,-,-
모범택시,2021.04.09,SBS,금,153,848,109,625,24,0,0,0,0,0,0,0,0,0,-,-,-,-,-
대박부동산,2021.04.14,KBS2,수목,123,637,46,395,3,0,0,0,0,0,0,0,0,0,-,-,-,-,-
로스쿨,2021.04.14,JTBC,수목,106,961,184,320,9,0,0,0,0,0,0,0,0,0,-,-,-,-,-
어쩌다가족,2021.03.21,TVCHOS,토일,81,277,16,455,18,1.1,0.6,0.5,0.6,0.2,0.1,0.3,0.6,1,-,-,-,260,114
언더커버,2021.04.23,JTBC,금,28,130,60,144,2,0,0,0,0,0,0,0,0,0,-,-,-,-,-
다크홀,2021.04.30,OCN,금,12,71,4,44,2,0,0,0,0,0,0,0,0,0,-,-,-,-,-
빈센조,2021.02.20,tvN,토일,"13,081","123,690","24,126","4,142",527,10.6,7.3,6.5,8.1,5.2,4.2,5.7,12.3,11.4,1.9,"5,142","11,537","36,950","161,751"
펜트하우스2,2021.02.19,SBS,금,"5,447","52,099","9,035","1,359",76,22.5,14.9,12.3,17.6,9.2,9.4,14.5,17.7,24.6,1.1,"1,236","2,963","9,368","29,099"
마우스,2021.03.03,tvN,수목,"4,668","34,812","6,412","2,521",402,5.3,3.5,3,4,1.8,2,3.4,6.7,5.6,1.4,"1,163","3,750","21,240","43,350"
모범택시,2021.04.09,SBS,금,"4,426","32,497","9,883","3,997",315,11,7.2,6.8,7.6,4.1,3.9,6,10.3,12.1,1.8,"2,070","3,498","14,145","63,216"
나빌레라,2021.03.22,tvN,월화,"3,944","20,968","3,779","3,052",454,2.7,1.6,1.4,1.9,0.9,1.4,1.1,2.3,2.7,0.5,"2,459","3,112","4,112","23,994"
대박부동산,2021.04.14,KBS2,수목,"1,893","6,551","1,229","3,389",184,4.6,2.8,2.5,3.1,1.4,1.4,1.8,4.2,4.5,0.5,"1,703","2,858","4,958","14,771"
괴물,2021.02.19,JTBC,금,"1,802","12,470",835,"1,721",136,3.8,2.5,2.1,2.9,0.7,1.3,2,4.1,4.9,0.3,176,"6,015","6,248","41,961"
달이뜨는강,2021.02.15,KBS2,월화,"1,591","25,692","1,836","3,531",190,7.6,4.2,3.8,4.7,1.2,1.8,2.5,3.8,7,0.4,854,"4,835","4,041","4,280"
시지프스,2021.02.17,JTBC,수목,"1,531","9,665","1,161","1,086",120,3.7,2.5,2.3,2.7,1.1,1.6,1.9,3.5,4.5,0.8,653,"4,639","2,063","21,947"
로스쿨,2021.04.14,JTBC,수목,"1,460","12,147","1,652","3,081",216,3.9,2.2,1.9,2.6,0.9,1.4,1.6,2.4,4.5,1.8,676,"4,019","4,479","11,050"
오케이광자매,2021.03.13,KBS2,토일,"1,256","2,818","1,589","2,131",241,21.8,12.7,10.7,14.7,5.6,5.1,5.9,10.3,17,0.4,-,28,"6,055","3,959"
오주인님,2021.03.24,MBC,수목,945,"1,755",494,"2,654",295,1,0.7,0.7,0.8,0.6,0.7,0.8,0.8,0.9,0.1,"1,033",858,309,"1,764"
언더커버,2021.04.23,JTBC,금,903,"2,976",311,"2,239",98,2.6,1.8,1.7,1.8,0.8,0.9,1.2,2.3,3.5,0.2,466,"1,808","1,208","1,535"
이미테이션,2021.05.07,KBS2,금,630,"4,920",150,686,7,0,0,0,0,0,0,0,0,0,-,-,-,-,-
다크홀,2021.04.30,OCN,금,535,"2,614",153,"1,317",99,1.1,0.6,0.6,0.6,0.2,0.4,0.3,1.2,1.3,0,6,-,207,-
안녕나야,2021.02.17,KBS2,수목,459,"1,116",401,872,71,3.7,2.3,2,2.6,1.3,1.1,1.3,2.7,3.6,0.4,230,98,"1,547","14,737"
드라마스테이지2021,2021.03.03,tvN,수목,441,"4,541","1,156",604,160,0.9,0.5,0.5,0.5,0.2,0.3,0.6,1,0.8,0,-,381,722,"4,320"
오월의청춘,2021.05.03,KBS2,월화,323,"1,579",144,"1,274",19,0,0,0,0,0,0,0,0,0,-,-,-,-,-
어느날우리집현관으로멸망이들어왔다,2021.05.10,tvN,월화,269,"2,065",478,752,11,0,0,0,0,0,0,0,0,0,-,-,-,-,-
보쌈-운명을훔치다,2021.05.01,MBN,토일,175,"1,375",53,"1,058",50,0,0,0,0,0,0,0,0,0,-,-,-,-,-
어쩌다가족,2021.03.21,TVCHOS,토일,113,309,26,"1,036",60,0.7,0.5,0.4,0.5,0.2,0.3,0.2,0.3,0.9,-,-,551,128,562
마인,2021.05.08,tvN,토일,85,399,104,712,16,0,0,0,0,0,0,0,0,0,-,-,-,-,-
나의너에게,2021.04.19,KBS1,월화,26,68,3,117,0,1.3,0.7,0.6,0.7,0.2,0.3,0.8,0.6,0.7,-,-,"1,001",-,-
목표가생겼다,2021.05.19,MBC,수목,16,18,0,129,1,0,0,0,0,0,0,0,0,0,-,-,-,-,-
빈센조,2021.02.20,tvN,토일,"5,942","37,782","4,216",688,114,12.1,8.5,7.8,9.3,6.1,5.8,6.5,14.5,13.4,0.8,"3,218","3,864","17,565","59,455"
모범택시,2021.04.09,SBS,금,"5,879","42,475","12,677","4,140",352,12.6,8.2,7.7,8.7,4.5,4.4,6.6,11.9,13.5,2.1,"1,373","21,028","17,097","86,609"
오월의청춘,2021.05.03,KBS2,월화,"4,309","23,870","4,442","3,439",276,4.8,2.8,2.4,3.3,1,1.4,1.9,2.9,5,0.4,"1,045","2,103","5,806","8,260"
어느날우리집현관으로멸망이들어왔다,2021.05.10,tvN,월화,"3,989","52,713","12,849","4,174",462,3.7,2.5,2.2,2.9,2.4,1.6,1.9,5.2,3.6,0.9,"2,336","3,691","21,471","48,909"
마인,2021.05.08,tvN,토일,"3,924","20,920","14,252","4,358",532,5.5,3.7,3,4.3,1.4,2.3,2.7,4.9,6.1,1.9,368,305,"19,689","56,729"
로스쿨,2021.04.14,JTBC,수목,"3,187","19,822","5,462","1,889",325,4.3,2.7,2.3,3.1,1.1,1.8,1.7,3,5.1,1.5,"1,001","4,815","5,849","62,532"
펜트하우스3,2021.06.04,SBS,금,"3,157","29,080","4,136","1,419",43,0,0,0,0,0,0,0,0,0,-,-,-,620,"12,412"
마우스,2021.03.03,tvN,수목,"2,870","21,462","6,258","1,906",241,5.8,3.8,3.2,4.5,2.5,2.2,3.2,7.2,6.3,1.1,763,"3,208","19,654","47,930"
대박부동산,2021.04.14,KBS2,수목,"2,070","7,670","1,860","1,680",190,5.3,3.2,2.9,3.6,1.5,1.5,2.3,5,5.3,0.5,514,"5,562","6,358","22,902"
간떨어지는동거,2021.05.26,tvN,수목,"1,877","12,525","3,546","1,914",141,4.2,3,2.5,3.4,2.5,1.5,2.4,5.2,5.1,0.2,82,763,"7,513","8,913"
이미테이션,2021.05.07,KBS2,금,"1,799","18,276","1,046","1,592",121,1.2,0.7,0.4,0.9,0.5,0.6,0.5,0.9,0.8,0.1,27,"21,579","2,069","9,794"
오케이광자매,2021.03.13,KBS2,토일,"1,750","7,580","4,417","2,654",305,23.5,13.7,11.6,15.8,5.1,5.6,6.3,11,19.2,0.5,514,477,"18,027","7,200"
다크홀,2021.04.30,OCN,금,"1,480","8,627",551,"1,629",411,0.8,0.5,0.5,0.5,0.4,0.3,0.5,0.8,0.7,0.3,463,"1,044","1,951","23,229"
언더커버,2021.04.23,JTBC,금,"1,099","3,325",887,"2,226",309,2.7,1.7,1.7,1.8,0.4,1,0.8,1.7,3.8,0.4,"1,765","2,404","7,584","17,272"
보쌈-운명을훔치다,2021.05.01,MBN,토일,"1,054","5,448","1,008","2,583",441,4.2,2.4,2.1,2.7,0.4,1.1,0.9,1.4,3.4,0.6,600,"2,300","5,539","7,862"
라켓소년단,2021.05.31,SBS,월화,440,"2,076",250,"1,398",68,5.1,3.3,2.8,3.8,2.4,1.5,2.4,4.1,5.8,0.1,-,-,517,-
슬기로운의사생활2,2021.06.17,tvN,수목,404,"2,479",484,417,6,0,0,0,0,0,0,0,0,0,-,-,592,437,"2,146"
오주인님,2021.03.24,MBC,수목,391,814,152,"1,209",94,2.2,1.1,1.1,1.2,0.4,0.5,0.9,1.4,1.6,0,179,511,12,"1,989"
보이스4,2021.06.18,tvN,금,312,"1,513",85,398,22,0,0,0,0,0,0,0,0,0,-,-,-,-,-
목표가생겼다,2021.05.19,MBC,수목,249,467,75,"1,514",112,2.7,1.5,1.4,1.6,0.4,0.6,1.1,1.7,2.5,0,366,"1,078",550,"2,408"
나빌레라,2021.03.22,tvN,월화,242,420,2,13,0,0,0,0,0,0,0,0,0,0,-,-,546,-,"1,376"
알고있지만,2021.06.19,JTBC,토일,210,"2,751",482,656,7,0,0,0,0,0,0,0,0,0,-,-,-,-,-
결혼작사이혼작곡시즌2,2021.06.12,TVCHOS,토일,182,602,18,639,6,0,0,0,0,0,0,0,0,0,-,-,-,-,"4,193"
멀리서보면푸른봄,2021.06.14,KBS2,월화,174,999,30,296,2,0,0,0,0,0,0,0,0,0,-,-,-,-,-
어쩌다가족,2021.03.21,TVCHOS,토일,100,"1,236",32,786,71,0.9,0.5,0.5,0.6,0.1,0.4,0.2,0.4,0.9,-,-,"1,147",349,23
월간집,2021.06.16,JTBC,수목,27,95,6,125,7,0,0,0,0,0,0,0,0,0,-,-,-,-,-
미치지않고서야,2021.06.23,MBC,수목,24,17,0,4,0,0,0,0,0,0,0,0,0,0,-,-,-,-,-
펜트하우스3,2021.06.04,SBS,금,"15,591","146,257","36,127","5,469",306,14.8,9.8,8.1,11.4,7.3,5.9,8,11.4,16.8,0.9,"2,282","8,486","19,243","74,230"
슬기로운의사생활2,2021.06.17,tvN,수목,"8,719","63,238","14,149","4,107",172,9.6,7.2,5.9,8.5,6.3,4.6,7.3,12.9,10.3,0.9,"3,309","6,436","18,594","45,956"
간떨어지는동거,2021.05.26,tvN,수목,"3,731","29,302","21,047","2,817",524,3.7,2.5,2,3.1,1.9,1.3,2.3,5.1,3.4,0.9,819,"9,691","27,947","59,829"
어느날우리집현관으로멸망이들어왔다,2021.05.10,tvN,월화,"3,261","51,101","16,120","3,521",637,3,2,1.7,2.3,2,1.3,1.5,4.2,2.5,0.5,824,"6,447","29,376","49,105"
라켓소년단,2021.05.31,SBS,월화,"3,036","18,689","2,968","3,108",317,4.9,3.3,3,3.6,2.7,1.6,2,5,5.8,1,"1,010","3,698","8,578","40,367"
마인,2021.05.08,tvN,토일,"2,863","15,929","16,180","3,369",515,6.5,4.3,3.5,5.2,1.8,2.6,3.3,4.9,7.4,2.1,"2,334","2,144","17,731","72,034"
오월의청춘,2021.05.03,KBS2,월화,"2,760","14,271","2,164","1,791",91,4.8,2.9,2.4,3.3,1.1,1.5,1.8,2.9,5.2,0.1,215,"6,185","2,439","8,237"
멀리서보면푸른봄,2021.06.14,KBS2,월화,"2,691","29,595",997,"2,815",186,2.2,1.3,1,1.6,0.9,0.8,0.8,1.2,1.9,0.1,110,783,"1,583","4,515"
보이스4,2021.06.18,tvN,금,"2,505","10,909","1,087","2,488",264,3.4,2.2,2,2.5,1.6,1.4,1.4,3.7,4.3,0.4,150,833,"7,289","13,945"
알고있지만,2021.06.19,JTBC,토일,"2,353","20,972","5,087","2,526",128,1.4,1.1,0.9,1.2,1.4,1,0.8,1.4,1.1,0.3,68,218,"3,586","13,060"
오케이광자매,2021.03.13,KBS2,토일,"2,322","8,390","7,565","2,181",252,23.1,13.4,11.3,15.5,4.5,5.7,5.8,11,18.5,0.5,"1,112","1,149","11,647","6,060"
월간집,2021.06.16,JTBC,수목,"2,040","9,137","1,231","1,930",235,1.9,1.1,0.9,1.4,0.4,0.5,0.6,1.7,2,0.1,128,279,"3,638","5,089"
결혼작사이혼작곡시즌2,2021.06.12,TVCHOS,토일,"1,887","6,125","2,067","3,054",150,3.7,2,1.5,2.5,0.4,0.8,1,1.1,2.6,0.3,187,437,"1,267","24,911"
로스쿨,2021.04.14,JTBC,수목,"1,505","12,119","2,915","1,283",136,4.2,2.6,2.2,3,1.3,2,1.4,3.3,4.7,0.9,"1,286","3,668","3,395","47,680"
미치지않고서야,2021.06.23,MBC,수목,830,"2,805",508,"2,077",128,3.5,1.9,1.7,2,0.7,0.7,1.7,1.5,3.1,0.1,53,28,"1,603","1,345"
보쌈-운명을훔치다,2021.05.01,MBN,토일,807,"4,992","1,787","1,785",303,5.4,3,2.7,3.3,0.4,1.3,1.2,1.8,4.1,0.2,"1,513","1,034","10,402","12,698"
이미테이션,2021.05.07,KBS2,금,794,"8,066",616,749,109,0.9,0.5,0.4,0.6,0.1,0.4,0.4,0.5,0.7,0.1,451,913,"1,363","2,558"
대박부동산,2021.04.14,KBS2,수목,746,"2,983",790,850,97,4.7,2.9,2.5,3.3,1.3,1.4,1.7,4,4.8,0.2,-,"1,703","3,333","13,285"
언더커버,2021.04.23,JTBC,금,486,"1,908",400,"1,053",142,2.9,1.8,1.9,1.8,0.4,1,0.6,2.1,4,0.1,79,"2,524","3,931","15,229"
악마판사,2021.07.03,tvN,토일,386,"2,797",343,944,18,0,0,0,0,0,0,0,0,0,-,-,-,-,-
너는나의봄,2021.07.05,tvN,월화,320,"1,086",180,864,11,0,0,0,0,0,0,0,0,0,-,-,-,-,-
다크홀,2021.04.30,OCN,금,210,454,92,415,89,0.8,0.6,0.5,0.6,0.5,0.5,0.3,1.1,0.8,0,-,-,226,"5,489"
어쩌다가족,2021.03.21,TVCHOS,토일,23,33,3,176,9,0.8,0.5,0.5,0.5,0.2,0.2,0.1,0.3,0.9,-,-,429,-,-
슬기로운의사생활2,2021.06.17,tvN,수목,"12,771","84,119","14,120","3,598",280,11,8,6.4,9.5,7.1,5,8.1,14.2,10.8,2.1,"12,534","22,515","68,194","194,643"
펜트하우스3,2021.06.04,SBS,금,"10,592","101,335","29,811","3,206",171,15.2,10.2,8.3,12.1,7.5,6.3,8.4,12.4,16.4,0.7,"2,899","6,157","39,926","109,005"
너는나의봄,2021.07.05,tvN,월화,"5,125","18,033","3,422","3,805",407,2.5,1.5,1.2,1.9,1,1,1.2,2.5,2.2,1.2,"1,020","2,834","15,944","51,834"
결혼작사이혼작곡시즌2,2021.06.12,TVCHOS,토일,"4,876","17,494","4,896","2,903",156,7.7,4.4,3.4,5.4,1.2,2.3,2.1,2.9,6.4,0.5,858,"13,344","11,197","66,309"
악마판사,2021.07.03,tvN,토일,"4,715","27,361","13,867","3,858",525,4.9,3.2,2.7,3.7,1.7,1.9,2.7,4.5,5.2,1.5,"2,878","4,986","45,917","109,146"
라켓소년단,2021.05.31,SBS,월화,"2,843","17,706","3,291","1,926",206,5.3,3.6,3.3,3.8,2.6,2.2,2.5,5,6.3,1.2,46,"5,208","11,877","62,187"
오케이광자매,2021.03.13,KBS2,토일,"2,516","8,865","3,323","1,615",241,24,14.1,11.8,16.3,5.2,6.3,6.8,11.7,20.3,0.2,946,"18,899","23,587","19,084"
보이스4,2021.06.18,tvN,금,"2,506","12,964","2,239","2,350",469,3.4,2.3,2.1,2.5,1.5,1.4,1.6,4.1,3.6,1.4,"2,858","16,725","40,305","101,043"
알고있지만,2021.06.19,JTBC,토일,"2,487","41,401","13,791","3,093",300,1.1,0.7,0.5,0.8,0.4,0.6,0.9,1,0.8,0.6,100,"4,538","9,121","67,473"
월간집,2021.06.16,JTBC,수목,"2,136","9,574","3,651","2,266",387,1.9,1.1,0.9,1.4,0.4,0.5,0.6,1.6,2.1,0.4,42,"8,160","8,391","32,734"
간떨어지는동거,2021.05.26,tvN,수목,"2,094","18,645","10,401","1,950",315,3.3,2.3,1.8,2.7,2.6,1.3,2.1,4.1,3.2,0.5,"4,802","9,227","30,541","83,569"
멀리서보면푸른봄,2021.06.14,KBS2,월화,"1,706","21,537","1,175","2,143",161,2,1.1,0.9,1.2,0.6,0.5,0.6,0.9,1.7,0.1,809,"1,760","4,122","10,568"
미치지않고서야,2021.06.23,MBC,수목,"1,179","3,764",645,"1,619",208,3.5,2,1.8,2.1,0.5,0.8,1.7,2,2.8,0.2,-,535,"8,184","13,089"
이미테이션,2021.05.07,KBS2,금,809,"8,151",512,"1,069",97,0.9,0.5,0.4,0.6,0.3,0.4,0.5,0.5,0.7,0.1,873,"2,856","5,364","4,747"
경찰수업,2021.08.09,KBS2,월화,294,"1,144",123,828,8,0,0,0,0,0,0,0,0,0,-,-,-,-,-
어느날우리집현관으로멸망이들어왔다,2021.05.10,tvN,월화,189,"3,072",416,1,10,0,0,0,0,0,0,0,0,0,-,-,473,692,"39,576"
보쌈-운명을훔치다,2021.05.01,MBN,토일,122,539,394,320,77,6.1,3.3,2.9,3.8,0.6,1.7,1.2,2.1,4.7,0.1,842,"2,299","3,939","5,490"
더로드1의비극,2021.08.04,tvN,수목,110,304,43,628,21,0,0,0,0,0,0,0,0,0,-,-,-,-,-
괴기맨숀:디오리지널,2021.07.30,SKY,금,90,261,4,589,6,0.1,0,0,0.1,0,0,0,0.1,0,-,-,-,-,-
이벤트를확인하세요,2021.08.14,MBC,토일,37,188,11,83,4,0,0,0,0,0,0,0,0,0,-,-,-,-,-
슬기로운의사생활2,2021.06.17,tvN,수목,"10,655","73,537","15,996","2,911",226,10.9,8.2,6.7,9.7,7.9,6.2,7,14.1,12.1,2.5,"7,537","22,219","44,076","118,504"
펜트하우스3,2021.06.04,SBS,금,"9,911","90,661","30,231","2,737",181,16.5,11,9.1,12.9,9,7.5,8.5,13.3,17.2,1,"1,425","4,957","14,509","60,834"
홍천기,2021.08.30,SBS,월화,"4,469","20,335","1,381","2,898",124,7,4.3,3.8,4.9,2.3,2,2.8,5.7,8.5,0.4,337,"1,092","1,207",223
경찰수업,2021.08.09,KBS2,월화,"3,219","12,193","1,915","4,313",265,6.5,4.1,3.6,4.6,2.8,2.5,2.1,5.1,6.9,0.5,"3,326","8,636","4,550","11,564"
갯마을차차차,2021.08.28,tvN,토일,"3,154","20,777","1,864","2,255",136,6.2,4.4,3.9,4.9,3.4,2.7,3.7,6.1,7.7,0.8,639,692,"3,684","2,789"
너는나의봄,2021.07.05,tvN,월화,"3,111","16,145","3,795","3,142",355,1.9,1.2,0.9,1.4,0.5,0.5,0.9,2.2,1.7,1.5,"3,942","9,130","11,747","25,324"
악마판사,2021.07.03,tvN,토일,"2,418","15,421","9,537","2,281",362,5.8,4,3.4,4.5,2.2,2.2,3.3,5.8,6.4,0.7,"2,386","7,299","21,786","62,382"
오케이광자매,2021.03.13,KBS2,토일,"1,921","10,188","6,366","1,524",263,24.7,14.5,12.4,16.6,6.4,6.6,7.1,11.7,19.8,0.6,48,"6,494","12,794","9,472"
결혼작사이혼작곡시즌2,2021.06.12,TVCHOS,토일,"1,335","6,521","2,487","1,468",63,9.2,5.4,4.1,6.6,2.1,2.6,2.8,3.9,7.7,0.4,993,"12,996","3,788","19,215"
알고있지만,2021.06.19,JTBC,토일,"1,239","24,626","5,916","2,292",170,1.3,0.8,0.6,1,0.8,0.8,0.9,1.2,0.7,0.3,-,291,"2,157","22,064"
더로드1의비극,2021.08.04,tvN,수목,"1,195","2,190","1,005","2,876",375,2.1,1.3,1.1,1.5,0.6,0.7,0.7,2.2,2.4,0.3,931,702,"3,074","6,654"
라켓소년단,2021.05.31,SBS,월화,"1,041","5,949",737,"1,136",49,4.3,3.1,2.9,3.2,3.3,1.6,2.6,5.1,4.1,0.2,-,"1,846",536,"6,396"
미치지않고서야,2021.06.23,MBC,수목,728,"2,503",742,"1,387",185,3.7,2.2,2.1,2.3,0.9,1,1.7,2.3,3.2,0.4,665,"5,700","1,668","3,738"
인간실격,2021.09.04,JTBC,토일,676,"5,188",275,"1,003",12,0,0,0,0,0,0,0,0,0,-,-,-,-,-
이벤트를확인하세요,2021.08.14,MBC,토일,397,"1,686",131,691,145,1.3,0.7,0.6,0.8,0.4,0.3,0.7,1,1,0,-,-,-,25
월간집,2021.06.16,JTBC,수목,387,"2,422",826,599,84,2.2,1.4,1.2,1.7,0.9,0.6,0.6,1.8,2.6,0.1,-,"1,268",349,"9,437"
하이클래스,2021.09.06,tvN,월화,190,408,63,542,7,0,0,0,0,0,0,0,0,0,-,-,-,-,-
원더우먼,2021.09.17,SBS,금,159,389,47,384,17,0,0,0,0,0,0,0,0,0,-,-,-,-,-
검은태양,2021.09.17,MBC,금,147,340,15,224,7,0,0,0,0,0,0,0,0,0,-,-,14,-,75
보이스4,2021.06.18,tvN,금,139,237,6,266,7,0,0,0,0,0,0,0,0,0,-,-,57,621,"6,737"
괴기맨숀:디오리지널,2021.07.30,SKY,금,111,174,7,46,5,0.1,0,0,0.1,0,0,0.2,0,0,-,-,-,-,-
유미의세포들,2021.09.17,tvN,금,33,152,0,183,0,0,0,0,0,0,0,0,0,0,-,-,-,-,-
달리와감자탕,2021.09.22,KBS2,수목,28,42,1,140,0,0,0,0,0,0,0,0,0,0,-,-,-,-,-
신사와아가씨,2021.09.25,KBS2,토일,11,10,0,79,1,0,0,0,0,0,0,0,0,0,-,-,-,-,-
홈타운,2021.09.22,tvN,수목,10,36,2,62,2,0,0,0,0,0,0,0,0,0,-,-,-,-,-
갯마을차차차,2021.08.28,tvN,토일,"17,801","127,581","17,935","3,506",548,8.1,5.7,4.9,6.6,4.4,3.6,4.9,8.6,9.5,4.2,"4,665","16,691","28,422","83,444"
슬기로운의사생활2,2021.06.17,tvN,수목,"9,525","62,833","11,083","2,353",116,12.3,8.8,7.3,10.3,6.5,6.8,9,14.6,13.2,1.9,"8,128","30,358","23,006","70,946"
펜트하우스3,2021.06.04,SBS,금,"7,453","54,141","11,278","2,242",80,16.4,10.9,9.1,12.8,7.6,7,9.1,11.8,19,0.5,195,"2,742","8,610","23,285"
검은태양,2021.09.17,MBC,금,"6,760","30,311","5,780","3,469",154,7.3,4.5,4.2,4.8,2.5,2.2,3.6,7,7,1.1,"3,130","10,189","5,664","21,009"
홍천기,2021.08.30,SBS,월화,"6,556","30,419","7,632","3,255",215,8,4.9,4.3,5.5,2.8,2.2,2.8,7.7,8.1,0.9,814,"11,925","8,077","30,234"
원더우먼,2021.09.17,SBS,금,"4,435","18,750","8,328","3,153",178,9.3,5.9,5.3,6.5,3.1,3.4,2.9,7.1,10.9,0.7,751,"2,421","9,158","27,888"
인간실격,2021.09.04,JTBC,토일,"4,198","17,501","1,265","3,463",290,1.6,1.1,0.9,1.2,0.4,0.6,0.9,1.4,1.8,0.2,334,883,"2,996","6,998"
유미의세포들,2021.09.17,tvN,금,"3,987","22,604","1,641","2,247",80,2.4,1.7,1.4,2.1,1.2,1.3,2.2,3.1,1.9,-,639,"2,416","2,529","10,592"
하이클래스,2021.09.06,tvN,월화,"3,118","6,975","6,616","2,854",427,2.8,1.8,1.4,2.2,0.7,0.9,1.2,2.6,3.2,0.2,983,"4,029","6,438","17,638"
오케이광자매,2021.03.13,KBS2,토일,"1,919","7,548","6,297","1,147",163,26,15.4,13.1,17.7,6.6,6.5,7.7,12.9,21.2,0.4,298,942,"10,404","11,513"
경찰수업,2021.08.09,KBS2,월화,"1,602","5,704","1,027","1,761",175,5.7,3.4,2.9,3.8,1.6,2,1.7,3.5,5.8,0.3,"1,901","5,214","8,209","21,160"
홈타운,2021.09.22,tvN,수목,"1,061","2,544",354,"1,717",183,2.3,1.6,1.3,1.8,1.1,0.9,1.1,2.8,2.6,0.2,696,605,"1,646","1,547"
달리와감자탕,2021.09.22,KBS2,수목,"1,042","3,789",841,"2,269",126,3.8,2.3,1.9,2.7,1,0.8,1.3,2.7,3.9,0.2,936,873,"3,784","3,046"
신사와아가씨,2021.09.25,KBS2,토일,"1,017","10,299",907,"2,293",84,20.6,12.2,10.4,13.9,3.7,5.1,6.4,9.1,17.1,0.1,742,728,"2,403","1,024"
연모,2021.10.11,KBS2,월화,410,"2,007",50,442,5,0,0,0,0,0,0,0,0,0,-,-,-,-,-
더로드1의비극,2021.08.04,tvN,수목,358,562,458,"1,102",170,1.8,1.1,0.9,1.2,0.4,0.4,0.4,1.4,2.6,0.2,222,505,"2,405","4,605"
지리산,2021.10.23,tvN,토일,213,630,0,400,2,0,0,0,0,0,0,0,0,0,-,-,-,-,-
너를닮은사람,2021.10.13,JTBC,수목,121,469,206,461,7,0,0,0,0,0,0,0,0,0,-,-,-,-,-
하트가빛나는순간,2021.09.28,EBS1,월화,51,483,36,189,1,0.2,0.1,0.1,0.1,0,0,0,0.4,0.1,-,-,-,-,158
이벤트를확인하세요,2021.08.14,MBC,토일,48,266,20,82,31,0.9,0.6,0.5,0.6,0.1,0.2,0.8,0.8,0.5,0,-,"1,055",-,50
KBS드라마스페셜2021,2021.10.22,KBS2,금,14,77,4,46,2,0,0,0,0,0,0,0,0,0,-,-,-,20,"2,037"
갯마을차차차,2021.08.28,tvN,토일,"13,504","92,146","20,126","1,428",358,9.2,6.6,5.6,7.6,5.9,4.3,5.5,9.4,11.2,3.4,"6,971","26,328","25,957","111,902"
지리산,2021.10.23,tvN,토일,"9,642","44,462","2,322","3,572",231,8,5.6,4.8,6.4,3.7,3.2,4.2,9.1,9.2,0.6,254,"1,524","4,924","6,364"
유미의세포들,2021.09.17,tvN,금,"6,908","63,702","9,647","1,604",168,2,1.5,1.1,1.9,1.2,1.3,1.7,2.2,2.1,-,450,"3,464","13,638","45,080"
연모,2021.10.11,KBS2,월화,"6,572","24,518","2,886","2,803",205,6.3,3.5,2.9,4.2,1.3,1.3,2,2.9,5.3,1.9,"1,460","10,084","5,496","42,076"
검은태양,2021.09.17,MBC,금,"6,289","23,875","6,332","2,883",226,2.2,1.3,1.3,1.3,0.9,0.2,0.9,2,1.8,2.7,"4,899","14,015","14,067","41,128"
원더우먼,2021.09.17,SBS,금,"5,562","30,944","26,799","3,430",331,11.7,7.6,6.7,8.5,4.8,4.2,4.4,9.3,13.3,2.3,"6,937","21,242","25,900","70,991"
홍천기,2021.08.30,SBS,월화,"4,492","28,027","10,502","3,580",302,7.8,4.9,4.2,5.5,2.6,2.6,2.7,7,8.7,1.6,403,"6,385","9,260","26,080"
신사와아가씨,2021.09.25,KBS2,토일,"3,045","15,134","7,462","3,171",316,22.2,12.8,10.9,14.8,5.5,5.4,6,9.5,17.5,1.1,"2,240","8,784","15,704","55,912"
너를닮은사람,2021.10.13,JTBC,수목,"2,542","7,229","3,643","3,068",224,1.7,1.2,0.9,1.5,0.8,0.8,0.7,1.8,2.1,0.9,"1,648","2,884","2,872","13,514"
하이클래스,2021.09.06,tvN,월화,"1,748","4,583","6,820","1,232",366,3.6,2.1,1.6,2.7,1,0.9,1.3,2.7,4.5,0.2,"1,878","4,873","7,840","21,448"
인간실격,2021.09.04,JTBC,토일,"1,622","9,004","1,335","1,427",271,0.9,0.6,0.5,0.7,0.3,0.5,0.3,0.8,1,0.1,527,"4,021","1,029","5,698"
달리와감자탕,2021.09.22,KBS2,수목,"1,495","8,855","2,589","1,744",221,4.5,2.5,2,2.9,1,1,1.2,2.6,4.5,0.5,-,"2,560","6,159","15,847"
지금헤어지는중입니다,2021.11.12,SBS,금,924,"4,850",643,822,15,0,0,0,0,0,0,0,0,0,-,-,-,-,-
홈타운,2021.09.22,tvN,수목,861,"1,543",484,407,320,1.4,0.9,0.8,1,0.5,0.5,0.8,1.4,1.4,0.1,431,274,"1,747","4,353"
옷소매붉은끝동,2021.11.12,MBC,금,838,"3,790",90,474,10,0,0,0,0,0,0,0,0,0,-,-,-,-,-
구경이,2021.10.30,JTBC,토일,685,"2,214",246,"2,364",61,1.8,1.2,1.1,1.3,0.6,0.7,1.2,1.4,2.3,0.4,-,-,404,755
뫼비우스:검은태양,2021.10.29,MBC,금,447,"1,317",279,809,36,3.1,1.8,1.9,1.8,0.8,0.8,1.8,2.5,3.4,0.1,29,57,375,479
경찰수업,2021.08.09,KBS2,월화,433,"1,501",387,858,56,5.7,3.2,2.6,3.7,1.2,1.8,1.6,2.6,5.1,0.1,261,826,"1,046","6,359"
해피니스,2021.11.05,tvN,금,380,"1,581",43,611,15,0,0,0,0,0,0,0,0,0,-,-,-,-,-
멜랑꼴리아,2021.11.10,tvN,수목,336,"1,599",33,679,8,0,0,0,0,0,0,0,0,0,-,-,-,-,-
너의밤이되어줄게,2021.11.07,SBS,토일,290,"1,029",55,454,8,0,0,0,0,0,0,0,0,0,-,-,-,-,-
KBS드라마스페셜2021,2021.10.22,KBS2,금,279,837,87,920,49,0,0,0,0,0,0,0,0,0,-,-,-,-,-
키마이라,2021.10.30,OCN,토일,244,497,32,702,81,1.1,0.7,0.7,0.6,0.2,0.4,0.4,1,1.3,0.1,-,-,-,-
어사와조이,2021.11.08,tvN,월화,171,894,133,313,16,0,0,0,0,0,0,0,0,0,-,-,-,-,-
크라임퍼즐,2021.11.01,SKY,월화,123,698,654,"1,063",21,0,0,0,0,0,0,0,0,0,-,-,-,-,-
학교2021,2021.11.24,KBS2,수목,54,192,20,249,2,0,0,0,0,0,0,0,0,0,-,-,-,-,-
하트가빛나는순간,2021.09.28,EBS1,월화,38,"6,662","1,776",38,0,0,0,0,0,0,0,0,0,0,-,17,294,136,"1,110"
IDOL,2021.11.08,JTBC,월화,35,778,37,252,6,0,0,0,0,0,0,0,0,0,-,-,-,-,-
옷소매붉은끝동,2021.11.12,MBC,금,"11,536","54,556","6,790","2,876",295,6,3.7,3.4,4,2.1,1.8,2,4.4,5.8,1.2,441,"5,718","16,678","28,073"
지금헤어지는중입니다,2021.11.12,SBS,금,"10,216","39,892","10,665","4,424",261,5.8,3.5,2.8,4.2,2.3,1.3,2.9,4.6,4.9,0.8,"1,044","5,108","11,238","24,406"
지리산,2021.10.23,tvN,토일,"9,264","50,168","3,539","3,194",434,6.5,4.6,4,5.3,3.2,2.8,3.3,7.2,7.9,0.6,"3,050","8,753","9,381","17,728"
연모,2021.10.11,KBS2,월화,"7,771","41,544","11,279","3,038",273,7.5,4.3,3.5,5.2,1.5,1.9,2.3,3.7,7.6,1.9,"2,357","15,109","11,721","54,885"
해피니스,2021.11.05,tvN,금,"6,052","23,195","4,502","2,420",419,3,2.2,1.9,2.5,2.3,1.5,1.3,3.7,3.7,0.9,"1,331","5,546","6,254","20,280"
신사와아가씨,2021.09.25,KBS2,토일,"3,962","25,895","12,913","2,883",267,25.1,14.8,12.4,17.1,7.2,6.4,6.7,11.4,19.5,1.1,"1,201","6,162","14,454","44,032"
멜랑꼴리아,2021.11.10,tvN,수목,"3,300","8,475","2,882","2,492",268,1.9,1.3,1.2,1.3,1,0.5,0.9,2,2,0.1,"1,120",557,"3,977","27,589"
너를닮은사람,2021.10.13,JTBC,수목,"2,870","11,400","6,269","2,015",289,1.6,1,0.7,1.2,0.3,0.6,0.5,1.1,1.8,1.4,454,"1,433","4,530","23,467"
구경이,2021.10.30,JTBC,토일,"2,323","7,916",495,"2,360",197,1.5,1,0.9,1.1,0.7,0.6,0.6,1.7,1.3,0.5,"2,264","11,052","4,518","22,155"
어사와조이,2021.11.08,tvN,월화,"2,260","8,337","2,691","2,743",410,3.2,2,1.8,2.1,1.1,1,1.1,2.6,3.7,0.8,"3,710","29,145","6,473","24,921"
너의밤이되어줄게,2021.11.07,SBS,토일,"1,636","9,213",287,"1,748",101,2,1.2,1.2,1.2,0.7,0.8,1,1.2,1.8,0.1,534,291,456,"1,024"
태종이방원,2021.12.11,KBS1,토일,"1,211","3,471",8,610,3,0,0,0,0,0,0,0,0,0,-,-,-,-,-
원더우먼,2021.09.17,SBS,금,"1,134","6,961","5,254",815,73,14.5,9.5,8.4,10.6,6.4,4.8,5.1,12.9,16.9,0.4,"2,710","17,016","6,014","18,563"
학교2021,2021.11.24,KBS2,수목,941,"4,678",308,"2,326",82,2.5,1.5,1.3,1.6,0.8,0.4,0.7,2.3,2.1,0,-,10,99,157
설강화:SNOWDROP,2021.12.18,JTBC,토일,871,"3,300",177,241,5,0,0,0,0,0,0,0,0,0,-,-,-,-,-
달리와감자탕,2021.09.22,KBS2,수목,718,"3,771","1,401","1,047",110,4.4,2.4,2,2.7,0.9,0.9,1,2.3,4.2,0.3,-,"6,257","1,464","11,666"
키마이라,2021.10.30,OCN,토일,673,"1,146",129,904,266,1.2,0.7,0.7,0.7,0.3,0.4,0.5,0.8,1.6,0.3,-,-,-,-
IDOL,2021.11.08,JTBC,월화,664,"4,017",562,"1,585",340,0.5,0.3,0.3,0.4,0.4,0.3,0.2,0.4,0.5,0.1,503,"3,403",601,"2,417"
그해우리는,2021.12.06,SBS,월화,589,"2,298",459,814,28,0,0,0,0,0,0,0,0,0,-,-,-,-,-
크라임퍼즐,2021.11.01,SKY,월화,571,"1,331",488,775,26,0.3,0.2,0.2,0.2,0.1,0.1,0.2,0.4,0.3,-,-,-,-,-
쇼윈도:여왕의집,2021.11.29,채널A,월화,543,"1,326",177,"1,816",65,1.2,0.7,0.5,0.9,0.2,0.3,0.5,0.6,1.4,0,259,252,114,53
KBS드라마스페셜2021,2021.10.22,KBS2,금,348,"2,845",116,749,109,1.1,0.6,0.5,0.7,0.2,0.3,0.4,0.8,0.8,-,9,94,238,91
하이클래스,2021.09.06,tvN,월화,336,652,575,501,54,4.3,2.4,1.8,3,0.7,1,1.6,3,5.1,0,-,22,882,"3,476"
불가살,2021.12.18,tvN,토일,320,437,35,230,7,0,0,0,0,0,0,0,0,0,-,-,-,-,-
공작도시,2021.12.08,JTBC,수목,193,481,97,446,7,0,0,0,0,0,0,0,0,0,-,-,-,-,-
배드앤크레이지,2021.12.17,tvN,금,120,277,4,452,4,0,0,0,0,0,0,0,0,0,-,-,-,-,-
스폰서,방송예정,iHQ,월화,94,216,1,719,4,0,0,0,0,0,0,0,0,0,-,-,-,-,-
엉클,2021.12.11,TVCHOS,토일,90,121,0,263,2,0,0,0,0,0,0,0,0,0,-,-,-,-,-
하트가빛나는순간,2021.09.28,EBS1,월화,30,"6,203","1,760",10,0,0.1,0,0,0,0,0,0,0.1,0,-,-,-,261,767
꽃피면달생각하고,2021.12.20,KBS2,월화,24,66,6,80,1,0,0,0,0,0,0,0,0,0,-,-,-,-,-
한사람만,2021.12.20,JTBC,월화,23,47,13,84,2,0,0,0,0,0,0,0,0,0,-,-,-,-,-
옷소매붉은끝동,2021.11.12,MBC,금,"21,753","157,689","30,987","6,313",466,9.4,5.7,5,6.3,3.1,3,3.1,6.3,9.2,-,"3,592","12,731","30,067","55,731"
설강화:SNOWDROP,2021.12.18,JTBC,토일,"18,159","179,483","6,319","5,766",210,2.1,1.4,1.3,1.5,0.2,1.1,0.6,1.7,2.8,-,"1,724","4,132","2,733","5,907"
그해우리는,2021.12.06,SBS,월화,"7,989","49,411","12,759","3,595",260,3.5,2.3,2,2.6,1.7,1.2,2.2,3.9,3.1,-,"1,494","13,993","4,427","51,124"
태종이방원,2021.12.11,KBS1,토일,"6,735","22,364",834,"2,653",195,7.8,4.3,4.6,4.1,2.5,1.5,2.2,3.4,5.4,-,487,"3,347","1,279","7,899"
불가살,2021.12.18,tvN,토일,"6,075","18,046","3,019","2,160",229,4.6,3.1,2.8,3.5,2.1,1.9,3.1,4.4,5.2,-,"2,360","2,714","4,680","15,786"
해피니스,2021.11.05,tvN,금,"4,547","25,409","3,611",747,203,3.1,2.3,1.9,2.7,2.4,1.4,1.7,3.7,3.8,-,"1,502","1,118","5,627","23,662"
지금헤어지는중입니다,2021.11.12,SBS,금,"4,450","19,867","7,361","2,958",268,4.6,2.8,2.3,3.3,1.4,1,2.6,3.4,3.8,-,324,"3,140","7,228","15,783"
신사와아가씨,2021.09.25,KBS2,토일,"4,021","34,251","16,439","1,612",261,25.6,14.8,12.6,17,6.1,6.9,6.8,11.2,20.9,-,"3,132","6,310","20,397","35,713"
연모,2021.10.11,KBS2,월화,"3,525","21,021","4,578","1,774",111,8.6,4.9,4,5.8,2.3,2.3,2.6,3.8,8.4,-,"1,679","5,813","4,059","24,858"
엉클,2021.12.11,TVCHOS,토일,"2,812","6,898",289,"1,464",149,3,1.9,1.7,2.2,0.5,1.2,0.9,1.1,3.2,-,609,"2,797","1,660","4,085"
지리산,2021.10.23,tvN,토일,"2,662","8,524","1,583",957,171,6.1,4.1,3.5,4.8,2.3,2.8,2.6,6,7.7,-,"4,174","18,903","5,586","11,966"
쇼윈도:여왕의집,2021.11.29,채널A,월화,"2,485","7,366","3,941","2,361",270,3.5,1.9,1.5,2.4,0.5,0.8,1.1,1.4,3.4,-,"5,132","8,782","3,985","10,955"
멜랑꼴리아,2021.11.10,tvN,수목,"2,069","9,384","8,407","2,161",419,1.6,1,0.9,1.1,0.6,0.3,0.8,1.8,1.4,-,"1,186","2,318","3,055","37,750"
공작도시,2021.12.08,JTBC,수목,"2,010","5,310","4,515","2,431",273,2.2,1.4,1.3,1.5,0.6,0.9,0.5,1.5,3,-,"2,583","5,754","7,283","15,846"
꽃피면달생각하고,2021.12.20,KBS2,월화,"1,860","6,591",836,"2,876",151,6.8,3.8,3.3,4.2,1.2,1.9,1.8,3.6,6.1,-,662,"2,312","2,710","7,654"
배드앤크레이지,2021.12.17,tvN,금,"1,758","6,502","1,890","2,217",258,2.7,1.8,1.6,2.1,1.7,0.9,1.4,3.1,3.4,-,"1,017","1,820","4,547","10,152"
어사와조이,2021.11.08,tvN,월화,"1,082","5,096","3,067","2,085",368,2.7,1.6,1.4,1.7,0.5,0.8,1.1,2,2.9,-,"5,446","26,773","8,453","23,202"
너의밤이되어줄게,2021.11.07,SBS,토일,901,"3,662",152,900,55,1.8,1.2,1.1,1.2,0.6,0.8,1,1.2,1.9,-,-,40,55,"1,929"
학교2021,2021.11.24,KBS2,수목,829,"5,860",556,"2,070",243,1.7,0.9,0.9,1,0.5,0.3,0.6,1,1.2,-,151,"3,762",706,"1,893"
너를닮은사람,2021.10.13,JTBC,수목,687,"2,726","1,819",558,67,1.5,0.9,0.6,1.1,0.2,0.5,0.8,1.2,1.5,-,403,565,"1,573","8,573"
한사람만,2021.12.20,JTBC,월화,613,"2,362",370,"1,999",179,1.2,0.7,0.7,0.8,0.3,0.5,0.4,1,1.3,-,775,748,331,"1,319"
구경이,2021.10.30,JTBC,토일,561,"2,610",143,783,103,1.3,0.8,0.6,1,0.5,0.5,0.5,1.7,0.9,-,625,"7,014",296,"9,957"
키마이라,2021.10.30,OCN,토일,413,689,71,354,186,1.5,0.9,0.8,1,0.3,0.6,0.2,0.9,2.3,-,-,-,-,-
KBS드라마스페셜2021,2021.10.22,KBS2,금,368,"1,763",137,"1,055",120,1.1,0.6,0.5,0.7,0.3,0.3,0.4,0.6,1.1,-,-,32,171,-
IDOL,2021.11.08,JTBC,월화,303,"2,141",329,751,171,0.7,0.6,0.5,0.6,0.8,0.5,0.4,0.4,0.8,-,800,"2,589",273,"3,096"
고스트닥터,2022.01.03,tvN,월화,284,"1,271",249,908,33,0,0,0,0,0,0,0,0,0,-,-,-,-,-
트레이서,2022.01.07,MBC,금,202,558,10,445,7,0,0,0,0,0,0,0,0,0,-,-,-,-,-
악의마음을읽는자들,2022.01.14,SBS,금,179,705,55,492,10,0,0,0,0,0,0,0,0,0,-,-,-,-,-
크라임퍼즐,2021.11.01,SKY,월화,46,78,5,57,0,0,0,0,0,0,0,0,0,0,-,-,-,-,-
하트가빛나는순간,2021.09.28,EBS1,월화,27,"3,210",920,32,0,0.1,0.1,0.1,0.1,0.1,0,0.1,0.1,0.1,-,-,-,38,175
마녀식당으로오세요,2022.01.05,tvN,수목,12,11,0,2,0,0,0,0,0,0,0,0,0,0,-,-,-,-,-
